file,type,n,heuristic,cost,runtime_ms,min_edge_weight,max_edge_weight,mean_edge_weight,std_edge_weight,cv_edge_weight,edge_weight_skewness,pct_short_edges,triangle_violation_rate,avg_violation_magnitude,mst_weight,nn_cost_over_mst,optimal_cost,optimality_gap
a280,EUC_2D,280,NN,3157.0,51.0,0.06567727588953741,302.0,121.80773169482848,62.617798474080864,0.5140708032472079,0.3368459850023518,0.1004608294930875,0.00128,0.008209659486192176,0.0713653971049705,1.2970419063270338,2579.0,22.41178751454052
a280,EUC_2D,280,Greedy,3089.0,61.0,0.06567727588953741,302.0,121.80773169482848,62.617798474080864,0.5140708032472079,0.3368459850023518,0.1004608294930875,0.00128,0.008209659486192176,0.0713653971049705,1.2970419063270338,2579.0,19.77510663047693
a280,EUC_2D,280,Insertion,2982.0,7837.0,0.06567727588953741,302.0,121.80773169482848,62.617798474080864,0.5140708032472079,0.3368459850023518,0.1004608294930875,0.00128,0.008209659486192176,0.0713653971049705,1.2970419063270338,2579.0,15.6262117099651
a280,EUC_2D,280,CH,2923.0,3798.0,0.06567727588953741,302.0,121.80773169482848,62.617798474080864,0.5140708032472079,0.3368459850023518,0.1004608294930875,0.00128,0.008209659486192176,0.0713653971049705,1.2970419063270338,2579.0,13.338503295851108
att532,EUC_2D,532,NN,35516.0,200.0,0.0010388297537151368,2790.0,962.62163884287,636.0611476519092,0.6607592453630002,0.7747451137216251,0.1000877900967107,0.0,0.0,0.0473663408568948,1.4641546770004534,27686.0,28.281441883984687
att532,EUC_2D,532,Greedy,34002.0,333.0,0.0010388297537151368,2790.0,962.62163884287,636.0611476519092,0.6607592453630002,0.7747451137216251,0.1000877900967107,0.0,0.0,0.0473663408568948,1.4641546770004534,27686.0,22.812974066315107
att532,EUC_2D,532,Insertion,32692.0,29827.0,0.0010388297537151368,2790.0,962.62163884287,636.0611476519092,0.6607592453630002,0.7747451137216251,0.1000877900967107,0.0,0.0,0.0473663408568948,1.4641546770004534,27686.0,18.081340749837462
att532,EUC_2D,532,CH,31219.0,12962.0,0.0010388297537151368,2790.0,962.62163884287,636.0611476519092,0.6607592453630002,0.7747451137216251,0.1000877900967107,0.0,0.0,0.0473663408568948,1.4641546770004534,27686.0,12.760962219172145
att48,EUC_2D,48,NN,12861.0,2.0,0.040415311342749574,2662.0,1039.210106382979,616.2475736179892,0.5929961321901198,0.6371398978309316,0.100177304964539,0.0,0.0,0.175754481419586,1.466978441884339,10628.0,21.010538200978548
att48,EUC_2D,48,Greedy,12727.0,1.0,0.040415311342749574,2662.0,1039.210106382979,616.2475736179892,0.5929961321901198,0.6371398978309316,0.100177304964539,0.0,0.0,0.175754481419586,1.466978441884339,10628.0,19.749717726759503
att48,EUC_2D,48,Insertion,11827.0,20.0,0.040415311342749574,2662.0,1039.210106382979,616.2475736179892,0.5929961321901198,0.6371398978309316,0.100177304964539,0.0,0.0,0.175754481419586,1.466978441884339,10628.0,11.281520511855476
att48,EUC_2D,48,CH,12613.0,35.0,0.040415311342749574,2662.0,1039.210106382979,616.2475736179892,0.5929961321901198,0.6371398978309316,0.100177304964539,0.0,0.0,0.175754481419586,1.466978441884339,10628.0,18.67707941287166
berlin52,EUC_2D,52,NN,8980.0,2.0,0.026075568018689457,1716.0,575.2511312217194,339.858223227572,0.5907997477654333,0.6584443148618263,0.1018099547511312,0.00113,0.0017383712012459637,0.2031888492533263,1.4774596906877262,7542.0,19.06656059400689
berlin52,EUC_2D,52,Greedy,9951.0,1.0,0.026075568018689457,1716.0,575.2511312217194,339.858223227572,0.5907997477654333,0.6584443148618263,0.1018099547511312,0.00113,0.0017383712012459637,0.2031888492533263,1.4774596906877262,7542.0,31.941129673826573
berlin52,EUC_2D,52,Insertion,9004.0,22.0,0.026075568018689457,1716.0,575.2511312217194,339.858223227572,0.5907997477654333,0.6584443148618263,0.1018099547511312,0.00113,0.0017383712012459637,0.2031888492533263,1.4774596906877262,7542.0,19.384778573322727
berlin52,EUC_2D,52,CH,8560.0,26.0,0.026075568018689457,1716.0,575.2511312217194,339.858223227572,0.5907997477654333,0.6584443148618263,0.1018099547511312,0.00113,0.0017383712012459637,0.2031888492533263,1.4774596906877262,7542.0,13.497745955979845
bier127,EUC_2D,127,NN,135737.0,12.0,0.02342265722575635,19441.0,4952.469691288589,3082.0494306185083,0.6223257531570245,0.9629258039555396,0.1003624546931633,0.000335,0.00020191945884272716,0.150574679284719,1.433246045657086,118282.0,14.757105899460612
bier127,EUC_2D,127,Greedy,141339.0,11.0,0.02342265722575635,19441.0,4952.469691288589,3082.0494306185083,0.6223257531570245,0.9629258039555396,0.1003624546931633,0.000335,0.00020191945884272716,0.150574679284719,1.433246045657086,118282.0,19.49324495696725
bier127,EUC_2D,127,Insertion,140647.0,337.0,0.02342265722575635,19441.0,4952.469691288589,3082.0494306185083,0.6223257531570245,0.9629258039555396,0.1003624546931633,0.000335,0.00020191945884272716,0.150574679284719,1.433246045657086,118282.0,18.90820243147732
bier127,EUC_2D,127,CH,133311.0,275.0,0.02342265722575635,19441.0,4952.469691288589,3082.0494306185083,0.6223257531570245,0.9629258039555396,0.1003624546931633,0.000335,0.00020191945884272716,0.150574679284719,1.433246045657086,118282.0,12.7060753115436
ch130,EUC_2D,130,NN,7579.0,14.0,0.002807219827910896,939.0,356.22432915921286,169.98182828862176,0.4771763587563642,0.2428575525544667,0.1010137149672033,0.000695,0.002807219827910896,0.1115545971614437,1.4670925280681375,6110.0,24.04255319148936
ch130,EUC_2D,130,Greedy,7223.0,10.0,0.002807219827910896,939.0,356.22432915921286,169.98182828862176,0.4771763587563642,0.2428575525544667,0.1010137149672033,0.000695,0.002807219827910896,0.1115545971614437,1.4670925280681375,6110.0,18.21603927986907
ch130,EUC_2D,130,Insertion,7301.0,363.0,0.002807219827910896,939.0,356.22432915921286,169.98182828862176,0.4771763587563642,0.2428575525544667,0.1010137149672033,0.000695,0.002807219827910896,0.1115545971614437,1.4670925280681375,6110.0,19.49263502454992
ch130,EUC_2D,130,CH,6841.0,188.0,0.002807219827910896,939.0,356.22432915921286,169.98182828862176,0.4771763587563642,0.2428575525544667,0.1010137149672033,0.000695,0.002807219827910896,0.1115545971614437,1.4670925280681375,6110.0,11.963993453355156
ch150,EUC_2D,150,NN,8191.0,21.0,0.0055662425198168206,849.0,359.3088143176733,169.3461755814188,0.4713109415448291,0.1725520802184711,0.1004921700223713,0.00079,0.0027831212599084103,0.1090612451049442,1.393501190881252,6528.0,25.4748774509804
ch150,EUC_2D,150,Greedy,7809.0,15.0,0.0055662425198168206,849.0,359.3088143176733,169.3461755814188,0.4713109415448291,0.1725520802184711,0.1004921700223713,0.00079,0.0027831212599084103,0.1090612451049442,1.393501190881252,6528.0,19.62316176470588
ch150,EUC_2D,150,Insertion,7998.0,538.0,0.0055662425198168206,849.0,359.3088143176733,169.3461755814188,0.4713109415448291,0.1725520802184711,0.1004921700223713,0.00079,0.0027831212599084103,0.1090612451049442,1.393501190881252,6528.0,22.518382352941178
ch150,EUC_2D,150,CH,7182.0,197.0,0.0055662425198168206,849.0,359.3088143176733,169.3461755814188,0.4713109415448291,0.1725520802184711,0.1004921700223713,0.00079,0.0027831212599084103,0.1090612451049442,1.393501190881252,6528.0,10.018382352941178
d1291,EUC_2D,1291,NN,60214.0,977.0,0.01866614282494694,4929.0,1339.32329964753,676.9936029102507,0.5054743713399261,0.4317158630904024,0.1001663274067936,0.0005,0.0007466457129978775,0.0271423934598786,1.2830325371289766,50801.0,18.529162811755672
d1291,EUC_2D,1291,Greedy,61253.0,2561.0,0.01866614282494694,4929.0,1339.32329964753,676.9936029102507,0.5054743713399261,0.4317158630904024,0.1001663274067936,0.0005,0.0007466457129978775,0.0271423934598786,1.2830325371289766,50801.0,20.574398141768864
d1291,EUC_2D,1291,Insertion,59157.0,431036.0,0.01866614282494694,4929.0,1339.32329964753,676.9936029102507,0.5054743713399261,0.4317158630904024,0.1001663274067936,0.0005,0.0007466457129978775,0.0271423934598786,1.2830325371289766,50801.0,16.448495108364007
d1291,EUC_2D,1291,CH,56959.0,34766.0,0.01866614282494694,4929.0,1339.32329964753,676.9936029102507,0.5054743713399261,0.4317158630904024,0.1001663274067936,0.0005,0.0007466457129978775,0.0271423934598786,1.2830325371289766,50801.0,12.121808625814452
d1655,EUC_2D,1655,NN,74033.0,1062.0,0.019034340580225715,4786.0,1313.415607681826,638.5006474599055,0.4861375513778589,0.2176044683744175,0.1001640260542053,0.000495,0.0007613736232090286,0.0260141355115413,1.3092294905123172,62128.0,19.16205253669843
d1655,EUC_2D,1655,Greedy,72502.0,3572.0,0.019034340580225715,4786.0,1313.415607681826,638.5006474599055,0.4861375513778589,0.2176044683744175,0.1001640260542053,0.000495,0.0007613736232090286,0.0260141355115413,1.3092294905123172,62128.0,16.697785217615248
d1655,EUC_2D,1655,Insertion,72453.0,910736.0,0.019034340580225715,4786.0,1313.415607681826,638.5006474599055,0.4861375513778589,0.2176044683744175,0.1001640260542053,0.000495,0.0007613736232090286,0.0260141355115413,1.3092294905123172,62128.0,16.618915786762813
d1655,EUC_2D,1655,CH,69694.0,117471.0,0.019034340580225715,4786.0,1313.415607681826,638.5006474599055,0.4861375513778589,0.2176044683744175,0.1001640260542053,0.000495,0.0007613736232090286,0.0260141355115413,1.3092294905123172,62128.0,12.178083955704352
d198,EUC_2D,198,NN,18240.0,27.0,0.023889192924049698,4260.0,962.778444341896,805.393171676629,0.836530124256316,0.9579931928010464,0.1032661641798697,0.00085,0.0010386605619152043,0.0615747357361649,1.553927415232578,15780.0,15.5893536121673
d198,EUC_2D,198,Greedy,19147.0,46.0,0.023889192924049698,4260.0,962.778444341896,805.393171676629,0.836530124256316,0.9579931928010464,0.1032661641798697,0.00085,0.0010386605619152043,0.0615747357361649,1.553927415232578,15780.0,21.33713561470216
d198,EUC_2D,198,Insertion,17581.0,2517.0,0.023889192924049698,4260.0,962.778444341896,805.393171676629,0.836530124256316,0.9579931928010464,0.1032661641798697,0.00085,0.0010386605619152043,0.0615747357361649,1.553927415232578,15780.0,11.41318124207858
d198,EUC_2D,198,CH,17306.0,541.0,0.023889192924049698,4260.0,962.778444341896,805.393171676629,0.836530124256316,0.9579931928010464,0.1032661641798697,0.00085,0.0010386605619152043,0.0615747357361649,1.553927415232578,15780.0,9.670468948035488
d2103,EUC_2D,2103,NN,86653.0,1682.0,0.012937605455993267,5204.0,1545.8811190393135,751.3083890576986,0.4860065756703197,0.1877815169159276,0.1003432638706971,0.00046,0.0006468802727996634,0.0234793238721213,1.1352268409951396,80450.0,7.710379117464264
d2103,EUC_2D,2103,Greedy,95124.0,7156.0,0.012937605455993267,5204.0,1545.8811190393135,751.3083890576986,0.4860065756703197,0.1877815169159276,0.1003432638706971,0.00046,0.0006468802727996634,0.0234793238721213,1.1352268409951396,80450.0,18.23990055935364
d2103,EUC_2D,2103,Insertion,1.0,1000000.0,0.012937605455993267,5204.0,1545.8811190393135,751.3083890576986,0.4860065756703197,0.1877815169159276,0.1003432638706971,0.00046,0.0006468802727996634,0.0234793238721213,1.1352268409951396,80450.0,
d2103,EUC_2D,2103,CH,84208.0,52777.0,0.012937605455993267,5204.0,1545.8811190393135,751.3083890576986,0.4860065756703197,0.1877815169159276,0.1003432638706971,0.00046,0.0006468802727996634,0.0234793238721213,1.1352268409951396,80450.0,4.671224362958359
d493,EUC_2D,493,NN,41665.0,94.0,0.01973899900943501,4296.0,911.9003446626758,590.3497133727441,0.6473840226380464,0.7668216491987876,0.1005376078101551,0.00082,0.0010966110560797226,0.0651093351369362,1.4234225000854088,35002.0,19.036055082566712
d493,EUC_2D,493,Greedy,41361.0,272.0,0.01973899900943501,4296.0,911.9003446626758,590.3497133727441,0.6473840226380464,0.7668216491987876,0.1005376078101551,0.00082,0.0010966110560797226,0.0651093351369362,1.4234225000854088,35002.0,18.16753328381236
d493,EUC_2D,493,Insertion,39969.0,22298.0,0.01973899900943501,4296.0,911.9003446626758,590.3497133727441,0.6473840226380464,0.7668216491987876,0.1005376078101551,0.00082,0.0010966110560797226,0.0651093351369362,1.4234225000854088,35002.0,14.190617678989772
d493,EUC_2D,493,CH,38579.0,7442.0,0.01973899900943501,4296.0,911.9003446626758,590.3497133727441,0.6473840226380464,0.7668216491987876,0.1005376078101551,0.00082,0.0010966110560797226,0.0651093351369362,1.4234225000854088,35002.0,10.21941603336952
d657,EUC_2D,657,NN,61627.0,201.0,0.013832001394565486,4771.0,1301.3301174963804,644.6413253367263,0.4953710950584522,0.3740598453884226,0.100066822586034,0.00043,0.0007684445219203048,0.0496985938826722,1.4503541926525618,48912.0,25.9956656853124
d657,EUC_2D,657,Greedy,56612.0,550.0,0.013832001394565486,4771.0,1301.3301174963804,644.6413253367263,0.4953710950584522,0.3740598453884226,0.100066822586034,0.00043,0.0007684445219203048,0.0496985938826722,1.4503541926525618,48912.0,15.74255806346091
d657,EUC_2D,657,Insertion,57964.0,56088.0,0.013832001394565486,4771.0,1301.3301174963804,644.6413253367263,0.4953710950584522,0.3740598453884226,0.100066822586034,0.00043,0.0007684445219203048,0.0496985938826722,1.4503541926525618,48912.0,18.506705920837422
d657,EUC_2D,657,CH,55130.0,16865.0,0.013832001394565486,4771.0,1301.3301174963804,644.6413253367263,0.4953710950584522,0.3740598453884226,0.100066822586034,0.00043,0.0007684445219203048,0.0496985938826722,1.4503541926525618,48912.0,12.712626758259733
eil101,EUC_2D,101,NN,803.0,9.0,0.029484574604731542,92.0,33.9160396039604,16.351996885305642,0.482131672101132,0.2640577547902282,0.1017821782178217,0.002575,0.029484574604731542,0.1608514911604661,1.4573502722323048,629.0,27.662957074721778
eil101,EUC_2D,101,Greedy,783.0,7.0,0.029484574604731542,92.0,33.9160396039604,16.351996885305642,0.482131672101132,0.2640577547902282,0.1017821782178217,0.002575,0.029484574604731542,0.1608514911604661,1.4573502722323048,629.0,24.48330683624801
eil101,EUC_2D,101,Insertion,702.0,162.0,0.029484574604731542,92.0,33.9160396039604,16.351996885305642,0.482131672101132,0.2640577547902282,0.1017821782178217,0.002575,0.029484574604731542,0.1608514911604661,1.4573502722323048,629.0,11.605723370429253
eil101,EUC_2D,101,CH,707.0,4287.0,0.029484574604731542,92.0,33.9160396039604,16.351996885305642,0.482131672101132,0.2640577547902282,0.1017821782178217,0.002575,0.029484574604731542,0.1608514911604661,1.4573502722323048,629.0,12.400635930047695
eil51,EUC_2D,51,NN,511.0,2.0,0.0617358673284106,86.0,32.39607843137255,15.074169060236562,0.4653084505943981,0.357348280686466,0.1050980392156862,0.00209,0.0308679336642053,0.2269701004720978,1.3626666666666667,426.0,19.953051643192488
eil51,EUC_2D,51,Greedy,531.0,1.0,0.0617358673284106,86.0,32.39607843137255,15.074169060236562,0.4653084505943981,0.357348280686466,0.1050980392156862,0.00209,0.0308679336642053,0.2269701004720978,1.3626666666666667,426.0,24.647887323943664
eil51,EUC_2D,51,Insertion,494.0,21.0,0.0617358673284106,86.0,32.39607843137255,15.074169060236562,0.4653084505943981,0.357348280686466,0.1050980392156862,0.00209,0.0308679336642053,0.2269701004720978,1.3626666666666667,426.0,15.96244131455399
eil51,EUC_2D,51,CH,462.0,18.0,0.0617358673284106,86.0,32.39607843137255,15.074169060236562,0.4653084505943981,0.357348280686466,0.1050980392156862,0.00209,0.0308679336642053,0.2269701004720978,1.3626666666666667,426.0,8.450704225352112
eil76,EUC_2D,76,NN,642.0,6.0,0.060247967952308974,85.0,33.196140350877194,15.761104217526777,0.4747872508952775,0.3433820877086919,0.1080701754385965,0.00275,0.030123983976154487,0.1835184813284148,1.386609071274298,538.0,19.33085501858736
eil76,EUC_2D,76,Greedy,585.0,3.0,0.060247967952308974,85.0,33.196140350877194,15.761104217526777,0.4747872508952775,0.3433820877086919,0.1080701754385965,0.00275,0.030123983976154487,0.1835184813284148,1.386609071274298,538.0,8.736059479553903
eil76,EUC_2D,76,Insertion,604.0,74.0,0.060247967952308974,85.0,33.196140350877194,15.761104217526777,0.4747872508952775,0.3433820877086919,0.1080701754385965,0.00275,0.030123983976154487,0.1835184813284148,1.386609071274298,538.0,12.267657992565056
eil76,EUC_2D,76,CH,608.0,84.0,0.060247967952308974,85.0,33.196140350877194,15.761104217526777,0.4747872508952775,0.3433820877086919,0.1080701754385965,0.00275,0.030123983976154487,0.1835184813284148,1.386609071274298,538.0,13.011152416356875
fl1400,EUC_2D,1400,NN,27447.0,840.0,0.00331674199729011,2882.0,1206.0027591136527,709.0731527786883,0.5879531762429955,-0.2060098359079769,0.1000704584907587,0.00172,0.0008291854993225275,0.0099685865279267,1.630740894777494,20127.0,36.369056491280375
fl1400,EUC_2D,1400,Greedy,24709.0,2088.0,0.00331674199729011,2882.0,1206.0027591136527,709.0731527786883,0.5879531762429955,-0.2060098359079769,0.1000704584907587,0.00172,0.0008291854993225275,0.0099685865279267,1.630740894777494,20127.0,22.765439459432603
fl1400,EUC_2D,1400,Insertion,22944.0,550592.0,0.00331674199729011,2882.0,1206.0027591136527,709.0731527786883,0.5879531762429955,-0.2060098359079769,0.1000704584907587,0.00172,0.0008291854993225275,0.0099685865279267,1.630740894777494,20127.0,13.996124608734537
fl1400,EUC_2D,1400,CH,22832.0,176069.0,0.00331674199729011,2882.0,1206.0027591136527,709.0731527786883,0.5879531762429955,-0.2060098359079769,0.1000704584907587,0.00172,0.0008291854993225275,0.0099685865279267,1.630740894777494,20127.0,13.439658170616584
fl1577,EUC_2D,1577,NN,27996.0,980.0,0.009309190087723506,2343.0,859.3658443552463,467.5944439141339,0.544115695295005,0.4670994951737836,0.1004300396885431,0.00081,0.0011636487609654382,0.014273697927784,1.44727047146402,22249.0,25.830374398849383
fl1577,EUC_2D,1577,Greedy,25221.0,2780.0,0.009309190087723506,2343.0,859.3658443552463,467.5944439141339,0.544115695295005,0.4670994951737836,0.1004300396885431,0.00081,0.0011636487609654382,0.014273697927784,1.44727047146402,22249.0,13.35790372601016
fl1577,EUC_2D,1577,Insertion,26118.0,787284.0,0.009309190087723506,2343.0,859.3658443552463,467.5944439141339,0.544115695295005,0.4670994951737836,0.1004300396885431,0.00081,0.0011636487609654382,0.014273697927784,1.44727047146402,22249.0,17.389545597554946
fl1577,EUC_2D,1577,CH,24638.0,62168.0,0.009309190087723506,2343.0,859.3658443552463,467.5944439141339,0.544115695295005,0.4670994951737836,0.1004300396885431,0.00081,0.0011636487609654382,0.014273697927784,1.44727047146402,22249.0,10.737561238707356
fl3795,EUC_2D,3795,NN,35285.0,7442.0,0.004239157593256263,2882.0,943.58369841293,508.5472140083807,0.5389529459482362,0.3751629645544882,0.1003098297499067,0.00075,0.0010597893983140658,0.00701276188945,1.4051051290219816,28772.0,22.636591130265536
fl3795,EUC_2D,3795,Greedy,32475.0,26144.0,0.004239157593256263,2882.0,943.58369841293,508.5472140083807,0.5389529459482362,0.3751629645544882,0.1003098297499067,0.00075,0.0010597893983140658,0.00701276188945,1.4051051290219816,28772.0,12.870151536215763
fl3795,EUC_2D,3795,Insertion,1.0,1000000.0,0.004239157593256263,2882.0,943.58369841293,508.5472140083807,0.5389529459482362,0.3751629645544882,0.1003098297499067,0.00075,0.0010597893983140658,0.00701276188945,1.4051051290219816,28772.0,
fl3795,EUC_2D,3795,CH,1.0,1000000.0,0.004239157593256263,2882.0,943.58369841293,508.5472140083807,0.5389529459482362,0.3751629645544882,0.1003098297499067,0.00075,0.0010597893983140658,0.00701276188945,1.4051051290219816,28772.0,
fl417,EUC_2D,417,NN,15013.0,67.0,0.006725444781641123,2343.0,1189.5124054602472,685.0760858398962,0.575930173317382,-0.1320399702941828,0.1006271905552481,0.001895,0.0008406805977051404,0.020464625293297,1.4789675894000591,11861.0,26.574487817216085
fl417,EUC_2D,417,Greedy,12931.0,158.0,0.006725444781641123,2343.0,1189.5124054602472,685.0760858398962,0.575930173317382,-0.1320399702941828,0.1006271905552481,0.001895,0.0008406805977051404,0.020464625293297,1.4789675894000591,11861.0,9.02116179074277
fl417,EUC_2D,417,Insertion,14298.0,13975.0,0.006725444781641123,2343.0,1189.5124054602472,685.0760858398962,0.575930173317382,-0.1320399702941828,0.1006271905552481,0.001895,0.0008406805977051404,0.020464625293297,1.4789675894000591,11861.0,20.546328302841243
fl417,EUC_2D,417,CH,13073.0,1977.0,0.006725444781641123,2343.0,1189.5124054602472,685.0760858398962,0.575930173317382,-0.1320399702941828,0.1006271905552481,0.001895,0.0008406805977051404,0.020464625293297,1.4789675894000591,11861.0,10.218362701289944
fnl4461,EUC_2D,4461,NN,229963.0,7556.0,0.005355377685037608,5301.0,1867.2819338100103,953.7292382485716,0.5107580280084316,0.3704565066968813,0.1002088855783506,0.00042,0.0005355377685037607,0.0202236636533693,1.3650734290225688,182566.0,25.96157006233362
fnl4461,EUC_2D,4461,Greedy,210768.0,38855.0,0.005355377685037608,5301.0,1867.2819338100103,953.7292382485716,0.5107580280084316,0.3704565066968813,0.1002088855783506,0.00042,0.0005355377685037607,0.0202236636533693,1.3650734290225688,182566.0,15.447564168574653
fnl4461,EUC_2D,4461,Insertion,1.0,1000000.0,0.005355377685037608,5301.0,1867.2819338100103,953.7292382485716,0.5107580280084316,0.3704565066968813,0.1002088855783506,0.00042,0.0005355377685037607,0.0202236636533693,1.3650734290225688,182566.0,
fnl4461,EUC_2D,4461,CH,1.0,1000000.0,0.005355377685037608,5301.0,1867.2819338100103,953.7292382485716,0.5107580280084316,0.3704565066968813,0.1002088855783506,0.00042,0.0005355377685037607,0.0202236636533693,1.3650734290225688,182566.0,
gil262,EUC_2D,262,NN,3208.0,42.0,0.009811466942148761,266.0,101.92155830481704,48.25044876670028,0.4734076830183222,0.158557707119009,0.1033897809365037,0.001455,0.009811466942148761,0.078229597107438,1.5356629966491144,2378.0,34.90328006728343
gil262,EUC_2D,262,Greedy,2739.0,51.0,0.009811466942148761,266.0,101.92155830481704,48.25044876670028,0.4734076830183222,0.158557707119009,0.1033897809365037,0.001455,0.009811466942148761,0.078229597107438,1.5356629966491144,2378.0,15.180824222035325
gil262,EUC_2D,262,Insertion,2790.0,3003.0,0.009811466942148761,266.0,101.92155830481704,48.25044876670028,0.4734076830183222,0.158557707119009,0.1033897809365037,0.001455,0.009811466942148761,0.078229597107438,1.5356629966491144,2378.0,17.32548359966358
gil262,EUC_2D,262,CH,2698.0,1520.0,0.009811466942148761,266.0,101.92155830481704,48.25044876670028,0.4734076830183222,0.158557707119009,0.1033897809365037,0.001455,0.009811466942148761,0.078229597107438,1.5356629966491144,2378.0,13.45668629100084
kroA100,EUC_2D,100,NN,27807.0,4.0,0.007599226591223135,4150.0,1710.700404040404,916.0356881472636,0.5354740584521592,0.4292855574486246,0.1,0.000465,0.0005845558916325489,0.109732831977262,1.4813019390581716,21282.0,30.659712433042007
kroA100,EUC_2D,100,Greedy,24287.0,6.0,0.007599226591223135,4150.0,1710.700404040404,916.0356881472636,0.5354740584521592,0.4292855574486246,0.1,0.000465,0.0005845558916325489,0.109732831977262,1.4813019390581716,21282.0,14.119913541960342
kroA100,EUC_2D,100,Insertion,24942.0,160.0,0.007599226591223135,4150.0,1710.700404040404,916.0356881472636,0.5354740584521592,0.4292855574486246,0.1,0.000465,0.0005845558916325489,0.109732831977262,1.4813019390581716,21282.0,17.197631801522416
kroA100,EUC_2D,100,CH,23293.0,178.0,0.007599226591223135,4150.0,1710.700404040404,916.0356881472636,0.5354740584521592,0.4292855574486246,0.1,0.000465,0.0005845558916325489,0.109732831977262,1.4813019390581716,21282.0,9.44929987783103
kroA150,EUC_2D,150,NN,33633.0,9.0,0.007569788999459133,4218.0,1717.3530201342282,919.0296107059954,0.5351430951768811,0.4198095221625645,0.1005816554809843,0.00041,0.0005822914614968564,0.0914469330565429,1.4277284883474126,26524.0,26.802141456793848
kroA150,EUC_2D,150,Greedy,31892.0,14.0,0.007569788999459133,4218.0,1717.3530201342282,919.0296107059954,0.5351430951768811,0.4198095221625645,0.1005816554809843,0.00041,0.0005822914614968564,0.0914469330565429,1.4277284883474126,26524.0,20.238274770019604
kroA150,EUC_2D,150,Insertion,29963.0,772.0,0.007569788999459133,4218.0,1717.3530201342282,919.0296107059954,0.5351430951768811,0.4198095221625645,0.1005816554809843,0.00041,0.0005822914614968564,0.0914469330565429,1.4277284883474126,26524.0,12.965616045845271
kroA150,EUC_2D,150,CH,29358.0,628.0,0.007569788999459133,4218.0,1717.3530201342282,919.0296107059954,0.5351430951768811,0.4198095221625645,0.1005816554809843,0.00041,0.0005822914614968564,0.0914469330565429,1.4277284883474126,26524.0,10.684662946765194
kroA200,EUC_2D,200,NN,35859.0,16.0,0.005878308671760708,4293.0,1701.1695979899498,917.36352895218,0.5392545987396604,0.4165568543966368,0.1000502512562814,0.00046,0.0005878308671760709,0.0762122719293775,1.3829155418434247,29368.0,22.10228820484881
kroA200,EUC_2D,200,Greedy,34554.0,30.0,0.005878308671760708,4293.0,1701.1695979899498,917.36352895218,0.5392545987396604,0.4165568543966368,0.1000502512562814,0.00046,0.0005878308671760709,0.0762122719293775,1.3829155418434247,29368.0,17.658676110051758
kroA200,EUC_2D,200,Insertion,35340.0,2565.0,0.005878308671760708,4293.0,1701.1695979899498,917.36352895218,0.5392545987396604,0.4165568543966368,0.1000502512562814,0.00046,0.0005878308671760709,0.0762122719293775,1.3829155418434247,29368.0,20.33505856714791
kroA200,EUC_2D,200,CH,33071.0,1220.0,0.005878308671760708,4293.0,1701.1695979899498,917.36352895218,0.5392545987396604,0.4165568543966368,0.1000502512562814,0.00046,0.0005878308671760709,0.0762122719293775,1.3829155418434247,29368.0,12.608962135657858
kroB100,EUC_2D,100,NN,29158.0,4.0,0.015407021914842623,4167.0,1687.5422222222223,912.8994555229236,0.5409639198957531,0.4364314576436592,0.1002020202020202,0.0004,0.0005925777659554855,0.1141186261677073,1.5140720739432962,22141.0,31.692335486202065
kroB100,EUC_2D,100,Greedy,25813.0,7.0,0.015407021914842623,4167.0,1687.5422222222223,912.8994555229236,0.5409639198957531,0.4364314576436592,0.1002020202020202,0.0004,0.0005925777659554855,0.1141186261677073,1.5140720739432962,22141.0,16.584616774310103
kroB100,EUC_2D,100,Insertion,25582.0,309.0,0.015407021914842623,4167.0,1687.5422222222223,912.8994555229236,0.5409639198957531,0.4364314576436592,0.1002020202020202,0.0004,0.0005925777659554855,0.1141186261677073,1.5140720739432962,22141.0,15.54130346416151
kroB100,EUC_2D,100,CH,24012.0,143.0,0.015407021914842623,4167.0,1687.5422222222223,912.8994555229236,0.5409639198957531,0.4364314576436592,0.1002020202020202,0.0004,0.0005925777659554855,0.1141186261677073,1.5140720739432962,22141.0,8.45038616141999
kroB150,EUC_2D,150,NN,34499.0,9.0,0.00467394990749082,4187.0,1711.614407158837,922.4003159484414,0.5389066089245902,0.3523968153104128,0.1000447427293064,0.000385,0.0005842437384363525,0.0888089432005818,1.51304767334766,26130.0,32.0283199387677
kroB150,EUC_2D,150,Greedy,31427.0,27.0,0.00467394990749082,4187.0,1711.614407158837,922.4003159484414,0.5389066089245902,0.3523968153104128,0.1000447427293064,0.000385,0.0005842437384363525,0.0888089432005818,1.51304767334766,26130.0,20.271718331419823
kroB150,EUC_2D,150,Insertion,31589.0,833.0,0.00467394990749082,4187.0,1711.614407158837,922.4003159484414,0.5389066089245902,0.3523968153104128,0.1000447427293064,0.000385,0.0005842437384363525,0.0888089432005818,1.51304767334766,26130.0,20.89169536930731
kroB150,EUC_2D,150,CH,29833.0,3336.0,0.00467394990749082,4187.0,1711.614407158837,922.4003159484414,0.5389066089245902,0.3523968153104128,0.1000447427293064,0.000385,0.0005842437384363525,0.0888089432005818,1.51304767334766,26130.0,14.171450440107156
kroB200,EUC_2D,200,NN,36980.0,16.0,0.003004483051061899,4170.0,1664.1797989949748,892.3589198540999,0.5362154500331093,0.4466717873167881,0.1001507537688442,0.000465,0.0006008966102123798,0.0787084424886685,1.411612016643127,29437.0,25.62421442402419
kroB200,EUC_2D,200,Greedy,35975.0,29.0,0.003004483051061899,4170.0,1664.1797989949748,892.3589198540999,0.5362154500331093,0.4466717873167881,0.1001507537688442,0.000465,0.0006008966102123798,0.0787084424886685,1.411612016643127,29437.0,22.210143696708226
kroB200,EUC_2D,200,Insertion,35403.0,1309.0,0.003004483051061899,4170.0,1664.1797989949748,892.3589198540999,0.5362154500331093,0.4466717873167881,0.1001507537688442,0.000465,0.0006008966102123798,0.0787084424886685,1.411612016643127,29437.0,20.26701090464381
kroB200,EUC_2D,200,CH,32804.0,632.0,0.003004483051061899,4170.0,1664.1797989949748,892.3589198540999,0.5362154500331093,0.4466717873167881,0.1001507537688442,0.000465,0.0006008966102123798,0.0787084424886685,1.411612016643127,29437.0,11.437986207833678
kroC100,EUC_2D,100,NN,26227.0,4.0,0.010584790048729238,4187.0,1700.5533333333333,910.7388916543064,0.5355544420762888,0.3936630970955045,0.1002020202020202,0.000335,0.0005880438915960688,0.1082118369315085,1.4252255189653298,20749.0,26.40127235047472
kroC100,EUC_2D,100,Greedy,23295.0,6.0,0.010584790048729238,4187.0,1700.5533333333333,910.7388916543064,0.5355544420762888,0.3936630970955045,0.1002020202020202,0.000335,0.0005880438915960688,0.1082118369315085,1.4252255189653298,20749.0,12.270470866065834
kroC100,EUC_2D,100,Insertion,25264.0,159.0,0.010584790048729238,4187.0,1700.5533333333333,910.7388916543064,0.5355544420762888,0.3936630970955045,0.1002020202020202,0.000335,0.0005880438915960688,0.1082118369315085,1.4252255189653298,20749.0,21.76008482336498
kroC100,EUC_2D,100,CH,22752.0,95.0,0.010584790048729238,4187.0,1700.5533333333333,910.7388916543064,0.5355544420762888,0.3936630970955045,0.1002020202020202,0.000335,0.0005880438915960688,0.1082118369315085,1.4252255189653298,20749.0,9.653477276013302
kroD100,EUC_2D,100,NN,26947.0,4.0,0.007356980120671814,4028.0,1631.1040404040405,867.2096890205681,0.5316703702148587,0.4675347392230656,0.1004040404040404,0.000585,0.0006130816767226511,0.1140086686033442,1.449075069907507,21294.0,26.547384239691933
kroD100,EUC_2D,100,Greedy,24448.0,5.0,0.007356980120671814,4028.0,1631.1040404040405,867.2096890205681,0.5316703702148587,0.4675347392230656,0.1004040404040404,0.000585,0.0006130816767226511,0.1140086686033442,1.449075069907507,21294.0,14.811684042453274
kroD100,EUC_2D,100,Insertion,25204.0,180.0,0.007356980120671814,4028.0,1631.1040404040405,867.2096890205681,0.5316703702148587,0.4675347392230656,0.1004040404040404,0.000585,0.0006130816767226511,0.1140086686033442,1.449075069907507,21294.0,18.36197990044144
kroD100,EUC_2D,100,CH,23781.0,101.0,0.007356980120671814,4028.0,1631.1040404040405,867.2096890205681,0.5316703702148587,0.4675347392230656,0.1004040404040404,0.000585,0.0006130816767226511,0.1140086686033442,1.449075069907507,21294.0,11.67934629473091
kroE100,EUC_2D,100,NN,27460.0,4.0,0.01270094670454169,4138.0,1732.1543434343434,933.5545631834982,0.5389557614897867,0.346496573363179,0.1006060606060606,0.00046,0.0005773157592973496,0.1109774084097295,1.4284971128335848,22068.0,24.433568968642376
kroE100,EUC_2D,100,Greedy,24846.0,6.0,0.01270094670454169,4138.0,1732.1543434343434,933.5545631834982,0.5389557614897867,0.346496573363179,0.1006060606060606,0.00046,0.0005773157592973496,0.1109774084097295,1.4284971128335848,22068.0,12.58836324089179
kroE100,EUC_2D,100,Insertion,25900.0,156.0,0.01270094670454169,4138.0,1732.1543434343434,933.5545631834982,0.5389557614897867,0.346496573363179,0.1006060606060606,0.00046,0.0005773157592973496,0.1109774084097295,1.4284971128335848,22068.0,17.36450969729926
kroE100,EUC_2D,100,CH,23819.0,133.0,0.01270094670454169,4138.0,1732.1543434343434,933.5545631834982,0.5389557614897867,0.346496573363179,0.1006060606060606,0.00046,0.0005773157592973496,0.1109774084097295,1.4284971128335848,22068.0,7.934565887257568
lin105,EUC_2D,105,NN,20356.0,4.0,0.026330322183210884,3189.0,1177.3498168498168,670.8529371944771,0.5697991604478684,0.4816131303015718,0.1003663003663003,0.0005,0.0008493652317164801,0.105604410476749,1.559249329758713,14379.0,41.56756380833159
lin105,EUC_2D,105,Greedy,16766.0,6.0,0.026330322183210884,3189.0,1177.3498168498168,670.8529371944771,0.5697991604478684,0.4816131303015718,0.1003663003663003,0.0005,0.0008493652317164801,0.105604410476749,1.559249329758713,14379.0,16.600598094443285
lin105,EUC_2D,105,Insertion,16905.0,194.0,0.026330322183210884,3189.0,1177.3498168498168,670.8529371944771,0.5697991604478684,0.4816131303015718,0.1003663003663003,0.0005,0.0008493652317164801,0.105604410476749,1.559249329758713,14379.0,17.5672856248696
lin105,EUC_2D,105,CH,16487.0,99.0,0.026330322183210884,3189.0,1177.3498168498168,670.8529371944771,0.5697991604478684,0.4816131303015718,0.1003663003663003,0.0005,0.0008493652317164801,0.105604410476749,1.559249329758713,14379.0,14.660268447040822
lin318,EUC_2D,318,NN,54019.0,39.0,0.01676540632128716,4866.0,1849.0455528440768,901.8967647396064,0.4877634103456077,0.2472163644022557,0.1000734083288693,0.00035,0.0005408195587511987,0.0644663716793174,1.425077824091173,42029.0,28.52792119726855
lin318,EUC_2D,318,Greedy,49898.0,107.0,0.01676540632128716,4866.0,1849.0455528440768,901.8967647396064,0.4877634103456077,0.2472163644022557,0.1000734083288693,0.00035,0.0005408195587511987,0.0644663716793174,1.425077824091173,42029.0,18.722786647314948
lin318,EUC_2D,318,Insertion,49470.0,5222.0,0.01676540632128716,4866.0,1849.0455528440768,901.8967647396064,0.4877634103456077,0.2472163644022557,0.1000734083288693,0.00035,0.0005408195587511987,0.0644663716793174,1.425077824091173,42029.0,17.70444217088201
lin318,EUC_2D,318,CH,47451.0,3690.0,0.01676540632128716,4866.0,1849.0455528440768,901.8967647396064,0.4877634103456077,0.2472163644022557,0.1000734083288693,0.00035,0.0005408195587511987,0.0644663716793174,1.425077824091173,42029.0,12.900616241166812
linhp318,EUC_2D,318,NN,54019.0,39.0,0.01676540632128716,4866.0,1849.0455528440768,901.8967647396064,0.4877634103456077,0.2472163644022557,0.1000734083288693,0.00035,0.0005408195587511987,0.0644663716793174,1.425077824091173,41345.0,30.654250816301847
linhp318,EUC_2D,318,Greedy,49898.0,102.0,0.01676540632128716,4866.0,1849.0455528440768,901.8967647396064,0.4877634103456077,0.2472163644022557,0.1000734083288693,0.00035,0.0005408195587511987,0.0644663716793174,1.425077824091173,41345.0,20.68690289031322
linhp318,EUC_2D,318,Insertion,49470.0,7253.0,0.01676540632128716,4866.0,1849.0455528440768,901.8967647396064,0.4877634103456077,0.2472163644022557,0.1000734083288693,0.00035,0.0005408195587511987,0.0644663716793174,1.425077824091173,41345.0,19.65171121054541
linhp318,EUC_2D,318,CH,47451.0,1771.0,0.01676540632128716,4866.0,1849.0455528440768,901.8967647396064,0.4877634103456077,0.2472163644022557,0.1000734083288693,0.00035,0.0005408195587511987,0.0644663716793174,1.425077824091173,41345.0,14.768412141734188
nrw1379,EUC_2D,1379,NN,68964.0,1305.0,0.0029060315131915954,2966.0,1032.3356737123618,543.665974560053,0.5266368182405115,0.4503937803481344,0.1000640964245982,0.000505,0.0009686771710638653,0.0365196210634077,1.3265113774067592,56638.0,21.762774109255272
nrw1379,EUC_2D,1379,Greedy,66106.0,2615.0,0.0029060315131915954,2966.0,1032.3356737123618,543.665974560053,0.5266368182405115,0.4503937803481344,0.1000640964245982,0.000505,0.0009686771710638653,0.0365196210634077,1.3265113774067592,56638.0,16.716691973586638
nrw1379,EUC_2D,1379,Insertion,66121.0,518726.0,0.0029060315131915954,2966.0,1032.3356737123618,543.665974560053,0.5266368182405115,0.4503937803481344,0.1000640964245982,0.000505,0.0009686771710638653,0.0365196210634077,1.3265113774067592,56638.0,16.743175959603093
nrw1379,EUC_2D,1379,CH,63758.0,180983.0,0.0029060315131915954,2966.0,1032.3356737123618,543.665974560053,0.5266368182405115,0.4503937803481344,0.1000640964245982,0.000505,0.0009686771710638653,0.0365196210634077,1.3265113774067592,56638.0,12.571065362477489
p654,EUC_2D,654,NN,43457.0,283.0,0.004813249781076266,6365.0,3116.397586298945,1835.7918653922825,0.5890749862800662,-0.2377551864681699,0.1005615109749872,0.00025,0.0003208833187384177,0.0144525061724141,1.4753191200434546,34643.0,25.44236930981728
p654,EUC_2D,654,Greedy,40278.0,442.0,0.004813249781076266,6365.0,3116.397586298945,1835.7918653922825,0.5890749862800662,-0.2377551864681699,0.1005615109749872,0.00025,0.0003208833187384177,0.0144525061724141,1.4753191200434546,34643.0,16.265912305516267
p654,EUC_2D,654,Insertion,40358.0,55238.0,0.004813249781076266,6365.0,3116.397586298945,1835.7918653922825,0.5890749862800662,-0.2377551864681699,0.1005615109749872,0.00025,0.0003208833187384177,0.0144525061724141,1.4753191200434546,34643.0,16.496839188292007
p654,EUC_2D,654,CH,39357.0,6252.0,0.004813249781076266,6365.0,3116.397586298945,1835.7918653922825,0.5890749862800662,-0.2377551864681699,0.1005615109749872,0.00025,0.0003208833187384177,0.0144525061724141,1.4753191200434546,34643.0,13.607366567560549
pcb1173,EUC_2D,1173,NN,71978.0,935.0,0.0008318856770381454,3323.0,1202.088252751761,600.619125331109,0.4996464477181283,0.3503979595497848,0.1001326780897846,0.00042,0.0008318856770381454,0.0364632583844128,1.399941651269085,56892.0,26.5169092315264
pcb1173,EUC_2D,1173,Greedy,70060.0,2346.0,0.0008318856770381454,3323.0,1202.088252751761,600.619125331109,0.4996464477181283,0.3503979595497848,0.1001326780897846,0.00042,0.0008318856770381454,0.0364632583844128,1.399941651269085,56892.0,23.145609224495537
pcb1173,EUC_2D,1173,Insertion,69338.0,320839.0,0.0008318856770381454,3323.0,1202.088252751761,600.619125331109,0.4996464477181283,0.3503979595497848,0.1001326780897846,0.00042,0.0008318856770381454,0.0364632583844128,1.399941651269085,56892.0,21.876538001828024
pcb1173,EUC_2D,1173,CH,63565.0,66661.0,0.0008318856770381454,3323.0,1202.088252751761,600.619125331109,0.4996464477181283,0.3503979595497848,0.1001326780897846,0.00042,0.0008318856770381454,0.0364632583844128,1.399941651269085,56892.0,11.729241369612598
pcb3038,EUC_2D,3038,NN,176310.0,3578.0,0.0005622977939559248,4831.0,1778.4170785460774,862.003478173437,0.4847026541592578,0.2526637376440359,0.1002132357930054,0.000295,0.0005622977939559248,0.0235620914306047,1.3849743130508554,137694.0,28.044794980173428
pcb3038,EUC_2D,3038,Greedy,161399.0,15982.0,0.0005622977939559248,4831.0,1778.4170785460774,862.003478173437,0.4847026541592578,0.2526637376440359,0.1002132357930054,0.000295,0.0005622977939559248,0.0235620914306047,1.3849743130508554,137694.0,17.21571019797522
pcb3038,EUC_2D,3038,Insertion,1.0,1000000.0,0.0005622977939559248,4831.0,1778.4170785460774,862.003478173437,0.4847026541592578,0.2526637376440359,0.1002132357930054,0.000295,0.0005622977939559248,0.0235620914306047,1.3849743130508554,137694.0,
pcb3038,EUC_2D,3038,CH,1.0,1000000.0,0.0005622977939559248,4831.0,1778.4170785460774,862.003478173437,0.4847026541592578,0.2526637376440359,0.1002132357930054,0.000295,0.0005622977939559248,0.0235620914306047,1.3849743130508554,137694.0,
pcb442,EUC_2D,442,NN,61979.0,74.0,0.028604314432585213,4841.0,1747.988056761166,830.6826599337596,0.4752221599688302,0.161077057146336,0.1009942438513867,0.00036,0.0005720862886517043,0.0600017560391758,1.3369644937227665,50778.0,22.058765607152704
pcb442,EUC_2D,442,Greedy,61076.0,217.0,0.028604314432585213,4841.0,1747.988056761166,830.6826599337596,0.4752221599688302,0.161077057146336,0.1009942438513867,0.00036,0.0005720862886517043,0.0600017560391758,1.3369644937227665,50778.0,20.280436409468667
pcb442,EUC_2D,442,Insertion,60834.0,16615.0,0.028604314432585213,4841.0,1747.988056761166,830.6826599337596,0.4752221599688302,0.161077057146336,0.1009942438513867,0.00036,0.0005720862886517043,0.0600017560391758,1.3369644937227665,50778.0,19.803852061916576
pcb442,EUC_2D,442,CH,54863.0,7313.0,0.028604314432585213,4841.0,1747.988056761166,830.6826599337596,0.4752221599688302,0.161077057146336,0.1009942438513867,0.00036,0.0005720862886517043,0.0600017560391758,1.3369644937227665,50778.0,8.044822560951594
pr1002,EUC_2D,1002,NN,331103.0,423.0,0.015538552546839904,18200.0,6435.605871174734,3160.874748793625,0.4911541837810912,0.2430116429980115,0.100001794612573,0.00018,0.00015538552546839904,0.0347646424291219,1.4769581450537297,259045.0,27.816788588855218
pr1002,EUC_2D,1002,Greedy,308798.0,1528.0,0.015538552546839904,18200.0,6435.605871174734,3160.874748793625,0.4911541837810912,0.2430116429980115,0.100001794612573,0.00018,0.00015538552546839904,0.0347646424291219,1.4769581450537297,259045.0,19.206315505028083
pr1002,EUC_2D,1002,Insertion,304828.0,196519.0,0.015538552546839904,18200.0,6435.605871174734,3160.874748793625,0.4911541837810912,0.2430116429980115,0.100001794612573,0.00018,0.00015538552546839904,0.0347646424291219,1.4769581450537297,259045.0,17.67376324576811
pr1002,EUC_2D,1002,CH,286391.0,66940.0,0.015538552546839904,18200.0,6435.605871174734,3160.874748793625,0.4911541837810912,0.2430116429980115,0.100001794612573,0.00018,0.00015538552546839904,0.0347646424291219,1.4769581450537297,259045.0,10.556467023104094
pr107,EUC_2D,107,NN,46680.0,10.0,0.03700798500625174,10691.0,5404.239111267854,3105.2574444749616,0.5745966047284049,-0.3066121663420901,0.1008640451419502,0.000135,0.00018503992503125872,0.0601068474234715,1.3430388123255748,44303.0,5.365325147281222
pr107,EUC_2D,107,Greedy,47545.0,8.0,0.03700798500625174,10691.0,5404.239111267854,3105.2574444749616,0.5745966047284049,-0.3066121663420901,0.1008640451419502,0.000135,0.00018503992503125872,0.0601068474234715,1.3430388123255748,44303.0,7.317788863056678
pr107,EUC_2D,107,Insertion,52588.0,194.0,0.03700798500625174,10691.0,5404.239111267854,3105.2574444749616,0.5745966047284049,-0.3066121663420901,0.1008640451419502,0.000135,0.00018503992503125872,0.0601068474234715,1.3430388123255748,44303.0,18.700765185201902
pr107,EUC_2D,107,CH,47906.0,95.0,0.03700798500625174,10691.0,5404.239111267854,3105.2574444749616,0.5745966047284049,-0.3066121663420901,0.1008640451419502,0.000135,0.00018503992503125872,0.0601068474234715,1.3430388123255748,44303.0,8.132632101663544
pr124,EUC_2D,124,NN,69297.0,14.0,0.026674491246282645,12312.0,5623.349986886966,2848.449688969544,0.5065396419592973,-0.0903615299285687,0.1000524521374246,0.00014,0.0001778299416418843,0.0724728717812308,1.3712674384090235,59030.0,17.392851092664745
pr124,EUC_2D,124,Greedy,64998.0,8.0,0.026674491246282645,12312.0,5623.349986886966,2848.449688969544,0.5065396419592973,-0.0903615299285687,0.1000524521374246,0.00014,0.0001778299416418843,0.0724728717812308,1.3712674384090235,59030.0,10.110113501609352
pr124,EUC_2D,124,Insertion,65316.0,311.0,0.026674491246282645,12312.0,5623.349986886966,2848.449688969544,0.5065396419592973,-0.0903615299285687,0.1000524521374246,0.00014,0.0001778299416418843,0.0724728717812308,1.3712674384090235,59030.0,10.648822632559716
pr124,EUC_2D,124,CH,64668.0,82.0,0.026674491246282645,12312.0,5623.349986886966,2848.449688969544,0.5065396419592973,-0.0903615299285687,0.1000524521374246,0.00014,0.0001778299416418843,0.0724728717812308,1.3712674384090235,59030.0,9.55107572420803
pr136,EUC_2D,136,NN,120769.0,11.0,0.02798819036818872,14076.0,6073.990413943355,2945.4318039049813,0.4849253296718242,-0.0241064553001972,0.1015250544662309,0.00019,0.00016463641393052187,0.107696425947904,1.3575041589856571,96772.0,24.79746207580705
pr136,EUC_2D,136,Greedy,116048.0,11.0,0.02798819036818872,14076.0,6073.990413943355,2945.4318039049813,0.4849253296718242,-0.0241064553001972,0.1015250544662309,0.00019,0.00016463641393052187,0.107696425947904,1.3575041589856571,96772.0,19.91898483032282
pr136,EUC_2D,136,Insertion,109586.0,421.0,0.02798819036818872,14076.0,6073.990413943355,2945.4318039049813,0.4849253296718242,-0.0241064553001972,0.1015250544662309,0.00019,0.00016463641393052187,0.107696425947904,1.3575041589856571,96772.0,13.241433472492044
pr136,EUC_2D,136,CH,103772.0,83.0,0.02798819036818872,14076.0,6073.990413943355,2945.4318039049813,0.4849253296718242,-0.0241064553001972,0.1015250544662309,0.00019,0.00016463641393052187,0.107696425947904,1.3575041589856571,96772.0,7.2334972926053
pr144,EUC_2D,144,NN,61652.0,14.0,0.017732039434085474,12692.0,5639.509226884227,2813.4431583931646,0.4988808503018558,0.2019480754440542,0.10003885003885,0.000175,0.00017732039434085475,0.0609120182393383,1.246351028989609,58537.0,5.321420639937133
pr144,EUC_2D,144,Greedy,65844.0,13.0,0.017732039434085474,12692.0,5639.509226884227,2813.4431583931646,0.4988808503018558,0.2019480754440542,0.10003885003885,0.000175,0.00017732039434085475,0.0609120182393383,1.246351028989609,58537.0,12.482703247518662
pr144,EUC_2D,144,Insertion,73032.0,483.0,0.017732039434085474,12692.0,5639.509226884227,2813.4431583931646,0.4988808503018558,0.2019480754440542,0.10003885003885,0.000175,0.00017732039434085475,0.0609120182393383,1.246351028989609,58537.0,24.7621162683431
pr144,EUC_2D,144,CH,70610.0,90.0,0.017732039434085474,12692.0,5639.509226884227,2813.4431583931646,0.4988808503018558,0.2019480754440542,0.10003885003885,0.000175,0.00017732039434085475,0.0609120182393383,1.246351028989609,58537.0,20.62456224268412
pr152,EUC_2D,152,NN,85699.0,9.0,0.010846250498962807,16429.0,6914.831997211572,3668.428875050053,0.5305159802189494,0.2814089245612685,0.1000348553502962,0.0002,0.0001446166733195041,0.0562967972170287,1.448327728110054,73682.0,16.309274992535492
pr152,EUC_2D,152,Greedy,85420.0,15.0,0.010846250498962807,16429.0,6914.831997211572,3668.428875050053,0.5305159802189494,0.2814089245612685,0.1000348553502962,0.0002,0.0001446166733195041,0.0562967972170287,1.448327728110054,73682.0,15.93062077576613
pr152,EUC_2D,152,Insertion,88531.0,578.0,0.010846250498962807,16429.0,6914.831997211572,3668.428875050053,0.5305159802189494,0.2814089245612685,0.1000348553502962,0.0002,0.0001446166733195041,0.0562967972170287,1.448327728110054,73682.0,20.152818870280395
pr152,EUC_2D,152,CH,79224.0,91.0,0.010846250498962807,16429.0,6914.831997211572,3668.428875050053,0.5305159802189494,0.2814089245612685,0.1000348553502962,0.0002,0.0001446166733195041,0.0562967972170287,1.448327728110054,73682.0,7.521511359626504
pr226,EUC_2D,226,NN,94683.0,20.0,0.01332798208081772,17423.0,7503.011288102261,3708.915165400787,0.4943235486373477,-0.0823131685127079,0.1000196656833825,0.000125,0.0001332798208081772,0.040481091768742,1.3793540492111358,80369.0,17.810349761724048
pr226,EUC_2D,226,Greedy,97601.0,37.0,0.01332798208081772,17423.0,7503.011288102261,3708.915165400787,0.4943235486373477,-0.0823131685127079,0.1000196656833825,0.000125,0.0001332798208081772,0.040481091768742,1.3793540492111358,80369.0,21.44110291281464
pr226,EUC_2D,226,Insertion,91023.0,2757.0,0.01332798208081772,17423.0,7503.011288102261,3708.915165400787,0.4943235486373477,-0.0823131685127079,0.1000196656833825,0.000125,0.0001332798208081772,0.040481091768742,1.3793540492111358,80369.0,13.256355062275254
pr226,EUC_2D,226,CH,92415.0,448.0,0.01332798208081772,17423.0,7503.011288102261,3708.915165400787,0.4943235486373477,-0.0823131685127079,0.1000196656833825,0.000125,0.0001332798208081772,0.040481091768742,1.3793540492111358,80369.0,14.98836616108201
pr2392,EUC_2D,2392,NN,461170.0,2186.0,0.00015686474040133247,16868.0,6374.918910658559,3125.485694120154,0.4902785020362364,0.2530880304982274,0.1000459499041136,0.000185,0.00015686474040133247,0.0224456261841236,1.347390502791664,378032.0,21.992318110636138
pr2392,EUC_2D,2392,Greedy,453323.0,10749.0,0.00015686474040133247,16868.0,6374.918910658559,3125.485694120154,0.4902785020362364,0.2530880304982274,0.1000459499041136,0.000185,0.00015686474040133247,0.0224456261841236,1.347390502791664,378032.0,19.91656790959496
pr2392,EUC_2D,2392,Insertion,1.0,1000000.0,0.00015686474040133247,16868.0,6374.918910658559,3125.485694120154,0.4902785020362364,0.2530880304982274,0.1000459499041136,0.000185,0.00015686474040133247,0.0224456261841236,1.347390502791664,378032.0,
pr2392,EUC_2D,2392,CH,425058.0,667073.0,0.00015686474040133247,16868.0,6374.918910658559,3125.485694120154,0.4902785020362364,0.2530880304982274,0.1000459499041136,0.000185,0.00015686474040133247,0.0224456261841236,1.347390502791664,378032.0,12.439687645490327
pr264,EUC_2D,264,NN,58023.0,29.0,0.023538016191234246,9016.0,4248.446393593732,2557.952433301334,0.6020912579145384,-0.2530403116612248,0.1028920382532549,8.5e-05,0.00023538016191234246,0.0366818584143848,1.410310631471489,49135.0,18.0889386384451
pr264,EUC_2D,264,Greedy,54974.0,55.0,0.023538016191234246,9016.0,4248.446393593732,2557.952433301334,0.6020912579145384,-0.2530403116612248,0.1028920382532549,8.5e-05,0.00023538016191234246,0.0366818584143848,1.410310631471489,49135.0,11.883586038465452
pr264,EUC_2D,264,Insertion,58230.0,3947.0,0.023538016191234246,9016.0,4248.446393593732,2557.952433301334,0.6020912579145384,-0.2530403116612248,0.1028920382532549,8.5e-05,0.00023538016191234246,0.0366818584143848,1.410310631471489,49135.0,18.510226925816628
pr264,EUC_2D,264,CH,54525.0,578.0,0.023538016191234246,9016.0,4248.446393593732,2557.952433301334,0.6020912579145384,-0.2530403116612248,0.1028920382532549,8.5e-05,0.00023538016191234246,0.0366818584143848,1.410310631471489,49135.0,10.969777144601608
pr299,EUC_2D,299,NN,59890.0,33.0,0.0003936067228038857,6959.0,2540.6070121882785,1464.1632491297364,0.5763044981398447,0.5335160337370402,0.1000202015667437,0.0004,0.0003936067228038857,0.0559316469514765,1.4095744680851063,48191.0,24.27631715465544
pr299,EUC_2D,299,Greedy,63333.0,93.0,0.0003936067228038857,6959.0,2540.6070121882785,1464.1632491297364,0.5763044981398447,0.5335160337370402,0.1000202015667437,0.0004,0.0003936067228038857,0.0559316469514765,1.4095744680851063,48191.0,31.42080471457325
pr299,EUC_2D,299,Insertion,58000.0,4531.0,0.0003936067228038857,6959.0,2540.6070121882785,1464.1632491297364,0.5763044981398447,0.5335160337370402,0.1000202015667437,0.0004,0.0003936067228038857,0.0559316469514765,1.4095744680851063,48191.0,20.35442302504617
pr299,EUC_2D,299,CH,52998.0,1509.0,0.0003936067228038857,6959.0,2540.6070121882785,1464.1632491297364,0.5763044981398447,0.5335160337370402,0.1000202015667437,0.0004,0.0003936067228038857,0.0559316469514765,1.4095744680851063,48191.0,9.974891577265463
pr439,EUC_2D,439,NN,131281.0,72.0,0.020745523882577416,12820.0,4338.285237307704,2597.6874575183747,0.598782079882436,0.4847455245557982,0.1000509668091657,0.00024,0.00023050582091752684,0.0484077976033019,1.4239801286431726,107217.0,22.444201945586983
pr439,EUC_2D,439,Greedy,128746.0,244.0,0.020745523882577416,12820.0,4338.285237307704,2597.6874575183747,0.598782079882436,0.4847455245557982,0.1000509668091657,0.00024,0.00023050582091752684,0.0484077976033019,1.4239801286431726,107217.0,20.079838085378253
pr439,EUC_2D,439,Insertion,130184.0,15703.0,0.020745523882577416,12820.0,4338.285237307704,2597.6874575183747,0.598782079882436,0.4847455245557982,0.1000509668091657,0.00024,0.00023050582091752684,0.0484077976033019,1.4239801286431726,107217.0,21.42104330469981
pr439,EUC_2D,439,CH,120358.0,11278.0,0.020745523882577416,12820.0,4338.285237307704,2597.6874575183747,0.598782079882436,0.4847455245557982,0.1000509668091657,0.00024,0.00023050582091752684,0.0484077976033019,1.4239801286431726,107217.0,12.256451868640236
pr76,EUC_2D,76,NN,153462.0,2.0,0.03968939589397184,22674.0,7558.694035087719,3914.085070622459,0.5178255731020651,0.6110992544620943,0.1003508771929824,0.00019,0.0001322979863132395,0.1518241246352869,1.7595422910671086,108159.0,41.88555737386625
pr76,EUC_2D,76,Greedy,147496.0,6.0,0.03968939589397184,22674.0,7558.694035087719,3914.085070622459,0.5178255731020651,0.6110992544620943,0.1003508771929824,0.00019,0.0001322979863132395,0.1518241246352869,1.7595422910671086,108159.0,36.3696040089128
pr76,EUC_2D,76,Insertion,125935.0,75.0,0.03968939589397184,22674.0,7558.694035087719,3914.085070622459,0.5178255731020651,0.6110992544620943,0.1003508771929824,0.00019,0.0001322979863132395,0.1518241246352869,1.7595422910671086,108159.0,16.435063194001422
pr76,EUC_2D,76,CH,116684.0,38.0,0.03968939589397184,22674.0,7558.694035087719,3914.085070622459,0.5178255731020651,0.6110992544620943,0.1003508771929824,0.00019,0.0001322979863132395,0.1518241246352869,1.7595422910671086,108159.0,7.881914588707366
rat195,EUC_2D,195,NN,2752.0,14.0,0.05149453950977416,304.0,116.51720856463125,63.94909799579615,0.5488382255598241,0.546951862432689,0.1043087496695744,0.00153,0.008582423251629027,0.0948467800372336,1.277030162412993,2323.0,18.467498923805422
rat195,EUC_2D,195,Greedy,2648.0,26.0,0.05149453950977416,304.0,116.51720856463125,63.94909799579615,0.5488382255598241,0.546951862432689,0.1043087496695744,0.00153,0.008582423251629027,0.0948467800372336,1.277030162412993,2323.0,13.99052948773138
rat195,EUC_2D,195,Insertion,2834.0,1195.0,0.05149453950977416,304.0,116.51720856463125,63.94909799579615,0.5488382255598241,0.546951862432689,0.1043087496695744,0.00153,0.008582423251629027,0.0948467800372336,1.277030162412993,2323.0,21.99741713301765
rat195,EUC_2D,195,CH,2657.0,427.0,0.05149453950977416,304.0,116.51720856463125,63.94909799579615,0.5488382255598241,0.546951862432689,0.1043087496695744,0.00153,0.008582423251629027,0.0948467800372336,1.277030162412993,2323.0,14.377959535083942
rat575,EUC_2D,575,NN,8605.0,152.0,0.010116758830171022,534.0,197.69177397364035,107.75301976367258,0.5450556570858637,0.5264572441261656,0.100760490834722,0.001405,0.005058379415085511,0.0549647905833987,1.3772407170294494,6773.0,27.04857522515872
rat575,EUC_2D,575,Greedy,7858.0,312.0,0.010116758830171022,534.0,197.69177397364035,107.75301976367258,0.5450556570858637,0.5264572441261656,0.100760490834722,0.001405,0.005058379415085511,0.0549647905833987,1.3772407170294494,6773.0,16.019489148087995
rat575,EUC_2D,575,Insertion,7981.0,37559.0,0.010116758830171022,534.0,197.69177397364035,107.75301976367258,0.5450556570858637,0.5264572441261656,0.100760490834722,0.001405,0.005058379415085511,0.0549647905833987,1.3772407170294494,6773.0,17.83552340174221
rat575,EUC_2D,575,CH,7778.0,13100.0,0.010116758830171022,534.0,197.69177397364035,107.75301976367258,0.5450556570858637,0.5264572441261656,0.100760490834722,0.001405,0.005058379415085511,0.0549647905833987,1.3772407170294494,6773.0,14.838328657906391
rat783,EUC_2D,783,NN,11054.0,276.0,0.004362656290291655,628.0,229.2181490953869,124.55596837005636,0.5433948789029946,0.5230165000111963,0.1009233945118943,0.001155,0.004362656290291655,0.045270220125951,1.3604923076923077,8806.0,25.528049057460823
rat783,EUC_2D,783,Greedy,10288.0,609.0,0.004362656290291655,628.0,229.2181490953869,124.55596837005636,0.5433948789029946,0.5230165000111963,0.1009233945118943,0.001155,0.004362656290291655,0.045270220125951,1.3604923076923077,8806.0,16.829434476493297
rat783,EUC_2D,783,Insertion,10384.0,95066.0,0.004362656290291655,628.0,229.2181490953869,124.55596837005636,0.5433948789029946,0.5230165000111963,0.1009233945118943,0.001155,0.004362656290291655,0.045270220125951,1.3604923076923077,8806.0,17.91960027254145
rat783,EUC_2D,783,CH,10060.0,31740.0,0.004362656290291655,628.0,229.2181490953869,124.55596837005636,0.5433948789029946,0.5230165000111963,0.1009233945118943,0.001155,0.004362656290291655,0.045270220125951,1.3604923076923077,8806.0,14.240290710878948
rat99,EUC_2D,99,NN,1554.0,10.0,0.04706110619308053,218.0,84.99587713873429,46.79369123925186,0.5505407181441635,0.5749216001199126,0.1038961038961039,0.001965,0.011765276548270132,0.131557183221566,1.4037940379403795,1211.0,28.32369942196532
rat99,EUC_2D,99,Greedy,1440.0,7.0,0.04706110619308053,218.0,84.99587713873429,46.79369123925186,0.5505407181441635,0.5749216001199126,0.1038961038961039,0.001965,0.011765276548270132,0.131557183221566,1.4037940379403795,1211.0,18.909991742361683
rat99,EUC_2D,99,Insertion,1434.0,180.0,0.04706110619308053,218.0,84.99587713873429,46.79369123925186,0.5505407181441635,0.5749216001199126,0.1038961038961039,0.001965,0.011765276548270132,0.131557183221566,1.4037940379403795,1211.0,18.41453344343517
rat99,EUC_2D,99,CH,1393.0,93.0,0.04706110619308053,218.0,84.99587713873429,46.79369123925186,0.5505407181441635,0.5749216001199126,0.1038961038961039,0.001965,0.011765276548270132,0.131557183221566,1.4037940379403795,1211.0,15.028901734104046
rd100,EUC_2D,100,NN,9938.0,10.0,0.008998282146135737,1334.0,555.6616161616162,262.8177769486229,0.4729817020007756,0.0655592445352843,0.1,0.00069,0.0017996564292271475,0.125292080602794,1.4274633725940822,7910.0,25.63843236409608
rd100,EUC_2D,100,Greedy,9253.0,5.0,0.008998282146135737,1334.0,555.6616161616162,262.8177769486229,0.4729817020007756,0.0655592445352843,0.1,0.00069,0.0017996564292271475,0.125292080602794,1.4274633725940822,7910.0,16.97850821744627
rd100,EUC_2D,100,Insertion,8980.0,166.0,0.008998282146135737,1334.0,555.6616161616162,262.8177769486229,0.4729817020007756,0.0655592445352843,0.1,0.00069,0.0017996564292271475,0.125292080602794,1.4274633725940822,7910.0,13.527180783817952
rd100,EUC_2D,100,CH,8906.0,161.0,0.008998282146135737,1334.0,555.6616161616162,262.8177769486229,0.4729817020007756,0.0655592445352843,0.1,0.00069,0.0017996564292271475,0.125292080602794,1.4274633725940822,7910.0,12.59165613147914
rd400,EUC_2D,400,NN,19183.0,68.0,0.00189081204904103,1353.0,528.8732957393484,250.55007023127453,0.4737430916813702,0.1586266590669312,0.1005764411027568,0.00064,0.00189081204904103,0.0644672368120539,1.4065845431881507,15281.0,25.53497807735096
rd400,EUC_2D,400,Greedy,17272.0,170.0,0.00189081204904103,1353.0,528.8732957393484,250.55007023127453,0.4737430916813702,0.1586266590669312,0.1005764411027568,0.00064,0.00189081204904103,0.0644672368120539,1.4065845431881507,15281.0,13.02925201230286
rd400,EUC_2D,400,Insertion,18513.0,13043.0,0.00189081204904103,1353.0,528.8732957393484,250.55007023127453,0.4737430916813702,0.1586266590669312,0.1005764411027568,0.00064,0.00189081204904103,0.0644672368120539,1.4065845431881507,15281.0,21.150448269092337
rd400,EUC_2D,400,CH,17212.0,8401.0,0.00189081204904103,1353.0,528.8732957393484,250.55007023127453,0.4737430916813702,0.1586266590669312,0.1005764411027568,0.00064,0.00189081204904103,0.0644672368120539,1.4065845431881507,15281.0,12.63660755186179
rl1304,EUC_2D,1304,NN,335779.0,720.0,0.004450549262905158,21127.0,7190.123759940487,3670.9271761331865,0.5105513199349396,0.4508121892550148,0.100068741789829,0.00022,0.0001390796644657862,0.0237682240387545,1.5067556955606711,252948.0,32.74625614750858
rl1304,EUC_2D,1304,Greedy,285123.0,3066.0,0.004450549262905158,21127.0,7190.123759940487,3670.9271761331865,0.5105513199349396,0.4508121892550148,0.100068741789829,0.00022,0.0001390796644657862,0.0237682240387545,1.5067556955606711,252948.0,12.720005692869682
rl1304,EUC_2D,1304,Insertion,314424.0,457332.0,0.004450549262905158,21127.0,7190.123759940487,3670.9271761331865,0.5105513199349396,0.4508121892550148,0.100068741789829,0.00022,0.0001390796644657862,0.0237682240387545,1.5067556955606711,252948.0,24.30380947862802
rl1304,EUC_2D,1304,CH,277515.0,34346.0,0.004450549262905158,21127.0,7190.123759940487,3670.9271761331865,0.5105513199349396,0.4508121892550148,0.100068741789829,0.00022,0.0001390796644657862,0.0237682240387545,1.5067556955606711,252948.0,9.71227287822003
rl1323,EUC_2D,1323,NN,332103.0,737.0,0.006483353720838675,21073.0,7403.57569042073,3724.9752093267566,0.503131914237926,0.3376950455858161,0.100061406307354,0.00023,0.00013506986918413905,0.0245010412895123,1.3838432241880776,270199.0,22.91052150452074
rl1323,EUC_2D,1323,Greedy,307420.0,3352.0,0.006483353720838675,21073.0,7403.57569042073,3724.9752093267566,0.503131914237926,0.3376950455858161,0.100061406307354,0.00023,0.00013506986918413905,0.0245010412895123,1.3838432241880776,270199.0,13.775402573658674
rl1323,EUC_2D,1323,Insertion,342239.0,474691.0,0.006483353720838675,21073.0,7403.57569042073,3724.9752093267566,0.503131914237926,0.3376950455858161,0.100061406307354,0.00023,0.00013506986918413905,0.0245010412895123,1.3838432241880776,270199.0,26.66183072476212
rl1323,EUC_2D,1323,CH,297138.0,37597.0,0.006483353720838675,21073.0,7403.57569042073,3724.9752093267566,0.503131914237926,0.3376950455858161,0.100061406307354,0.00023,0.00013506986918413905,0.0245010412895123,1.3838432241880776,270199.0,9.97005910458588
rl1889,EUC_2D,1889,NN,389270.0,1918.0,0.004084342477769615,21089.0,7834.798422064405,4012.500821455797,0.5121383608486683,0.3797176886391118,0.1000282635418255,0.000195,0.00012763570243030047,0.0188018403242297,1.3989132700365836,316536.0,22.978113074026336
rl1889,EUC_2D,1889,Greedy,379953.0,9013.0,0.004084342477769615,21089.0,7834.798422064405,4012.500821455797,0.5121383608486683,0.3797176886391118,0.1000282635418255,0.000195,0.00012763570243030047,0.0188018403242297,1.3989132700365836,316536.0,20.034687997573737
rl1889,EUC_2D,1889,Insertion,387346.0,1370244.0,0.004084342477769615,21089.0,7834.798422064405,4012.500821455797,0.5121383608486683,0.3797176886391118,0.1000282635418255,0.000195,0.00012763570243030047,0.0188018403242297,1.3989132700365836,316536.0,22.3702833169055
rl1889,EUC_2D,1889,CH,345453.0,92469.0,0.004084342477769615,21089.0,7834.798422064405,4012.500821455797,0.5121383608486683,0.3797176886391118,0.1000282635418255,0.000195,0.00012763570243030047,0.0188018403242297,1.3989132700365836,316536.0,9.135453787246949
rl5915,EUC_2D,5915,NN,695602.0,16841.0,0.004447763903040409,21238.0,7194.626490431605,3611.252408084406,0.5019374407951742,0.3832907269620488,0.1000430229742682,0.000145,0.0001389926219700128,0.0122630969771956,1.332900276121877,565530.0,23.000017682527893
rl5915,EUC_2D,5915,Greedy,638931.0,83131.0,0.004447763903040409,21238.0,7194.626490431605,3611.252408084406,0.5019374407951742,0.3832907269620488,0.1000430229742682,0.000145,0.0001389926219700128,0.0122630969771956,1.332900276121877,565530.0,12.979152299612752
rl5915,EUC_2D,5915,Insertion,1.0,1000000.0,0.004447763903040409,21238.0,7194.626490431605,3611.252408084406,0.5019374407951742,0.3832907269620488,0.1000430229742682,0.000145,0.0001389926219700128,0.0122630969771956,1.332900276121877,565530.0,
rl5915,EUC_2D,5915,CH,1.0,1000000.0,0.004447763903040409,21238.0,7194.626490431605,3611.252408084406,0.5019374407951742,0.3832907269620488,0.1000430229742682,0.000145,0.0001389926219700128,0.0122630969771956,1.332900276121877,565530.0,
rl5934,EUC_2D,5934,NN,672412.0,15249.0,0.0012655561427230122,21539.0,7111.498017492377,3693.934177909869,0.5194312321853684,0.5077334446364694,0.1000438499544202,0.00024,0.0001406173491914458,0.0121790643497879,1.3083167299670009,556045.0,20.92762276434461
rl5934,EUC_2D,5934,Greedy,634314.0,77938.0,0.0012655561427230122,21539.0,7111.498017492377,3693.934177909869,0.5194312321853684,0.5077334446364694,0.1000438499544202,0.00024,0.0001406173491914458,0.0121790643497879,1.3083167299670009,556045.0,14.076019027237004
rl5934,EUC_2D,5934,Insertion,1.0,1000000.0,0.0012655561427230122,21539.0,7111.498017492377,3693.934177909869,0.5194312321853684,0.5077334446364694,0.1000438499544202,0.00024,0.0001406173491914458,0.0121790643497879,1.3083167299670009,556045.0,
rl5934,EUC_2D,5934,CH,1.0,1000000.0,0.0012655561427230122,21539.0,7111.498017492377,3693.934177909869,0.5194312321853684,0.5077334446364694,0.1000438499544202,0.00024,0.0001406173491914458,0.0121790643497879,1.3083167299670009,556045.0,
st70,EUC_2D,70,NN,830.0,6.0,0.019137049803874956,129.0,52.254658385093165,24.38774413964469,0.46670947420454,0.1224828789726147,0.1064182194616977,0.002415,0.019137049803874956,0.1539165577083086,1.4742451154529308,675.0,22.96296296296296
st70,EUC_2D,70,Greedy,750.0,3.0,0.019137049803874956,129.0,52.254658385093165,24.38774413964469,0.46670947420454,0.1224828789726147,0.1064182194616977,0.002415,0.019137049803874956,0.1539165577083086,1.4742451154529308,675.0,11.11111111111111
st70,EUC_2D,70,Insertion,781.0,56.0,0.019137049803874956,129.0,52.254658385093165,24.38774413964469,0.46670947420454,0.1224828789726147,0.1064182194616977,0.002415,0.019137049803874956,0.1539165577083086,1.4742451154529308,675.0,15.703703703703702
st70,EUC_2D,70,CH,771.0,41.0,0.019137049803874956,129.0,52.254658385093165,24.38774413964469,0.46670947420454,0.1224828789726147,0.1064182194616977,0.002415,0.019137049803874956,0.1539165577083086,1.4742451154529308,675.0,14.22222222222222
ts225,EUC_2D,225,NN,152493.0,46.0,0.0706212155996212,16971.0,7080.0253968253965,3321.756134578394,0.4691729122988502,0.1675186755836722,0.1134126984126984,0.00027,0.0001412424311992424,0.0703073435302895,1.361544642857143,126643.0,20.4117085034309
ts225,EUC_2D,225,Greedy,133460.0,36.0,0.0706212155996212,16971.0,7080.0253968253965,3321.756134578394,0.4691729122988502,0.1675186755836722,0.1134126984126984,0.00027,0.0001412424311992424,0.0703073435302895,1.361544642857143,126643.0,5.382847847887368
ts225,EUC_2D,225,Insertion,160014.0,1856.0,0.0706212155996212,16971.0,7080.0253968253965,3321.756134578394,0.4691729122988502,0.1675186755836722,0.1134126984126984,0.00027,0.0001412424311992424,0.0703073435302895,1.361544642857143,126643.0,26.35044968928405
ts225,EUC_2D,225,CH,133282.0,214.0,0.0706212155996212,16971.0,7080.0253968253965,3321.756134578394,0.4691729122988502,0.1675186755836722,0.1134126984126984,0.00027,0.0001412424311992424,0.0703073435302895,1.361544642857143,126643.0,5.242295270958521
tsp225,EUC_2D,225,NN,5030.0,37.0,0.038131026334186024,519.0,183.57753968253968,95.2090757994304,0.5186313966516563,0.5167427102295108,0.1021428571428571,0.001205,0.005447289476312289,0.0861398042520849,1.4137155705452502,3916.0,28.447395301327887
tsp225,EUC_2D,225,Greedy,4288.0,37.0,0.038131026334186024,519.0,183.57753968253968,95.2090757994304,0.5186313966516563,0.5167427102295108,0.1021428571428571,0.001205,0.005447289476312289,0.0861398042520849,1.4137155705452502,3916.0,9.499489274770172
tsp225,EUC_2D,225,Insertion,4555.0,1835.0,0.038131026334186024,519.0,183.57753968253968,95.2090757994304,0.5186313966516563,0.5167427102295108,0.1021428571428571,0.001205,0.005447289476312289,0.0861398042520849,1.4137155705452502,3916.0,16.31767109295199
tsp225,EUC_2D,225,CH,4382.0,539.0,0.038131026334186024,519.0,183.57753968253968,95.2090757994304,0.5186313966516563,0.5167427102295108,0.1021428571428571,0.001205,0.005447289476312289,0.0861398042520849,1.4137155705452502,3916.0,11.899897854954036
u1060,EUC_2D,1060,NN,308980.0,1114.0,0.011135331202313503,20262.0,6376.101322001889,3627.221702489137,0.5688776760765631,0.4958348391295827,0.1000089083685213,0.000265,0.0001568356507368099,0.0289203460377066,1.580759529936612,224094.0,37.87963979401501
u1060,EUC_2D,1060,Greedy,258947.0,1723.0,0.011135331202313503,20262.0,6376.101322001889,3627.221702489137,0.5688776760765631,0.4958348391295827,0.1000089083685213,0.000265,0.0001568356507368099,0.0289203460377066,1.580759529936612,224094.0,15.552848358278224
u1060,EUC_2D,1060,Insertion,270443.0,234737.0,0.011135331202313503,20262.0,6376.101322001889,3627.221702489137,0.5688776760765631,0.4958348391295827,0.1000089083685213,0.000265,0.0001568356507368099,0.0289203460377066,1.580759529936612,224094.0,20.68283845172116
u1060,EUC_2D,1060,CH,249225.0,62282.0,0.011135331202313503,20262.0,6376.101322001889,3627.221702489137,0.5688776760765631,0.4958348391295827,0.1000089083685213,0.000265,0.0001568356507368099,0.0289203460377066,1.580759529936612,224094.0,11.214490347800476
u1432,EUC_2D,1432,NN,188807.0,1184.0,0.03629056622463662,6868.0,2755.537055580932,1335.5165181209609,0.4846665064496485,0.1479723766606301,0.1000101503421836,0.00033,0.0003629056622463662,0.0369943295095934,1.2934023853072745,152970.0,23.427469438451983
u1432,EUC_2D,1432,Greedy,182229.0,3344.0,0.03629056622463662,6868.0,2755.537055580932,1335.5165181209609,0.4846665064496485,0.1479723766606301,0.1000101503421836,0.00033,0.0003629056622463662,0.0369943295095934,1.2934023853072745,152970.0,19.12727985879584
u1432,EUC_2D,1432,Insertion,171013.0,594972.0,0.03629056622463662,6868.0,2755.537055580932,1335.5165181209609,0.4846665064496485,0.1479723766606301,0.1000101503421836,0.00033,0.0003629056622463662,0.0369943295095934,1.2934023853072745,152970.0,11.795123226776491
u1432,EUC_2D,1432,CH,171899.0,95509.0,0.03629056622463662,6868.0,2755.537055580932,1335.5165181209609,0.4846665064496485,0.1479723766606301,0.1000101503421836,0.00033,0.0003629056622463662,0.0369943295095934,1.2934023853072745,152970.0,12.37432176243708
u159,EUC_2D,159,NN,54675.0,20.0,0.03536541787502969,6684.0,2827.621049279516,1477.4978436704,0.5225232865085899,0.1728153733315615,0.1020619377438102,0.000285,0.0003536541787502969,0.0826549870222627,1.471300557035602,42080.0,29.93108365019011
u159,EUC_2D,159,Greedy,49589.0,18.0,0.03536541787502969,6684.0,2827.621049279516,1477.4978436704,0.5225232865085899,0.1728153733315615,0.1020619377438102,0.000285,0.0003536541787502969,0.0826549870222627,1.471300557035602,42080.0,17.84458174904943
u159,EUC_2D,159,Insertion,49986.0,622.0,0.03536541787502969,6684.0,2827.621049279516,1477.4978436704,0.5225232865085899,0.1728153733315615,0.1020619377438102,0.000285,0.0003536541787502969,0.0826549870222627,1.471300557035602,42080.0,18.78802281368821
u159,EUC_2D,159,CH,46896.0,236.0,0.03536541787502969,6684.0,2827.621049279516,1477.4978436704,0.5225232865085899,0.1728153733315615,0.1020619377438102,0.000285,0.0003536541787502969,0.0826549870222627,1.471300557035602,42080.0,11.44486692015209
u1817,EUC_2D,1817,NN,72030.0,2189.0,0.02143875917803752,3124.0,1166.1122638856225,607.6551039144201,0.5210948574450647,0.418414386045776,0.1000244872823723,0.000465,0.0008575503671215008,0.025620792091116,1.3268614375713812,57201.0,25.92437195153931
u1817,EUC_2D,1817,Greedy,65361.0,4136.0,0.02143875917803752,3124.0,1166.1122638856225,607.6551039144201,0.5210948574450647,0.418414386045776,0.1000244872823723,0.000465,0.0008575503671215008,0.025620792091116,1.3268614375713812,57201.0,14.265484869145643
u1817,EUC_2D,1817,Insertion,66258.0,1186843.0,0.02143875917803752,3124.0,1166.1122638856225,607.6551039144201,0.5210948574450647,0.418414386045776,0.1000244872823723,0.000465,0.0008575503671215008,0.025620792091116,1.3268614375713812,57201.0,15.833639272040696
u1817,EUC_2D,1817,CH,66023.0,106963.0,0.02143875917803752,3124.0,1166.1122638856225,607.6551039144201,0.5210948574450647,0.418414386045776,0.1000244872823723,0.000465,0.0008575503671215008,0.025620792091116,1.3268614375713812,57201.0,15.422807293578783
u2152,EUC_2D,2152,NN,79260.0,2465.0,0.021244354549107832,3141.0,1176.783222206668,612.698271158256,0.520655172164456,0.4149300666463954,0.100448222405417,0.00043,0.0008497741819643134,0.0242817444225602,1.2889481558576723,64253.0,23.356107886013103
u2152,EUC_2D,2152,Greedy,73785.0,6695.0,0.021244354549107832,3141.0,1176.783222206668,612.698271158256,0.520655172164456,0.4149300666463954,0.100448222405417,0.00043,0.0008497741819643134,0.0242817444225602,1.2889481558576723,64253.0,14.83510497564316
u2152,EUC_2D,2152,Insertion,1.0,1000000.0,0.021244354549107832,3141.0,1176.783222206668,612.698271158256,0.520655172164456,0.4149300666463954,0.100448222405417,0.00043,0.0008497741819643134,0.0242817444225602,1.2889481558576723,64253.0,
u2152,EUC_2D,2152,CH,72528.0,165291.0,0.021244354549107832,3141.0,1176.783222206668,612.698271158256,0.520655172164456,0.4149300666463954,0.100448222405417,0.00043,0.0008497741819643134,0.0242817444225602,1.2889481558576723,64253.0,12.878776088276034
u2319,EUC_2D,2319,NN,278765.0,2139.0,0.03866053781520472,6862.0,2586.616887690352,1236.103898742703,0.4778844152086426,0.2092597610885651,0.1004084873392736,0.000265,0.0003866053781520472,0.0387105514475659,1.200538329026701,234256.0,19.000153678027456
u2319,EUC_2D,2319,Greedy,260659.0,7307.0,0.03866053781520472,6862.0,2586.616887690352,1236.103898742703,0.4778844152086426,0.2092597610885651,0.1004084873392736,0.000265,0.0003866053781520472,0.0387105514475659,1.200538329026701,234256.0,11.271002663752476
u2319,EUC_2D,2319,Insertion,1.0,1000000.0,0.03866053781520472,6862.0,2586.616887690352,1236.103898742703,0.4778844152086426,0.2092597610885651,0.1004084873392736,0.000265,0.0003866053781520472,0.0387105514475659,1.200538329026701,234256.0,
u2319,EUC_2D,2319,CH,273083.0,733194.0,0.03866053781520472,6862.0,2586.616887690352,1236.103898742703,0.4778844152086426,0.2092597610885651,0.1004084873392736,0.000265,0.0003866053781520472,0.0387105514475659,1.200538329026701,234256.0,16.57460214466225
u574,EUC_2D,574,NN,50459.0,137.0,0.002529697550820538,3438.0,1185.912521054904,629.1162508929152,0.5304912796884023,0.4881092021353381,0.100224382946896,0.000525,0.0008432325169401793,0.0471240638996638,1.5730095392480827,36905.0,36.72673079528519
u574,EUC_2D,574,Greedy,45043.0,406.0,0.002529697550820538,3438.0,1185.912521054904,629.1162508929152,0.5304912796884023,0.4881092021353381,0.100224382946896,0.000525,0.0008432325169401793,0.0471240638996638,1.5730095392480827,36905.0,22.05121257282211
u574,EUC_2D,574,Insertion,44025.0,37574.0,0.002529697550820538,3438.0,1185.912521054904,629.1162508929152,0.5304912796884023,0.4881092021353381,0.100224382946896,0.000525,0.0008432325169401793,0.0471240638996638,1.5730095392480827,36905.0,19.292778756266088
u574,EUC_2D,574,CH,41329.0,9758.0,0.002529697550820538,3438.0,1185.912521054904,629.1162508929152,0.5304912796884023,0.4881092021353381,0.100224382946896,0.000525,0.0008432325169401793,0.0471240638996638,1.5730095392480827,36905.0,11.987535564286684
u724,EUC_2D,724,NN,52943.0,254.0,0.0024892173874322215,3198.0,1205.198073557843,630.8939281691669,0.5234773785413684,0.4426022408365884,0.1001199727959774,0.00047,0.0008297391291440738,0.0435028558054971,1.3947416949866962,41910.0,26.325459317585302
u724,EUC_2D,724,Greedy,49142.0,664.0,0.0024892173874322215,3198.0,1205.198073557843,630.8939281691669,0.5234773785413684,0.4426022408365884,0.1001199727959774,0.00047,0.0008297391291440738,0.0435028558054971,1.3947416949866962,41910.0,17.256024815079936
u724,EUC_2D,724,Insertion,50227.0,74910.0,0.0024892173874322215,3198.0,1205.198073557843,630.8939281691669,0.5234773785413684,0.4426022408365884,0.1001199727959774,0.00047,0.0008297391291440738,0.0435028558054971,1.3947416949866962,41910.0,19.84490575041756
u724,EUC_2D,724,CH,47646.0,36144.0,0.0024892173874322215,3198.0,1205.198073557843,630.8939281691669,0.5234773785413684,0.4426022408365884,0.1001199727959774,0.00047,0.0008297391291440738,0.0435028558054971,1.3947416949866962,41910.0,13.686471009305656
vm1084,EUC_2D,1084,NN,301477.0,535.0,0.002782067385955324,20349.0,7907.788327149199,4149.34152699174,0.524715806156081,0.3832528853640508,0.1000296429557093,9.5e-05,0.00012645760845251476,0.0244104014721986,1.4407709549001897,239297.0,25.98444610672093
vm1084,EUC_2D,1084,Greedy,293277.0,1971.0,0.002782067385955324,20349.0,7907.788327149199,4149.34152699174,0.524715806156081,0.3832528853640508,0.1000296429557093,9.5e-05,0.00012645760845251476,0.0244104014721986,1.4407709549001897,239297.0,22.557742052762887
vm1084,EUC_2D,1084,Insertion,279409.0,259206.0,0.002782067385955324,20349.0,7907.788327149199,4149.34152699174,0.524715806156081,0.3832528853640508,0.1000296429557093,9.5e-05,0.00012645760845251476,0.0244104014721986,1.4407709549001897,239297.0,16.762433294190902
vm1084,EUC_2D,1084,CH,261684.0,46312.0,0.002782067385955324,20349.0,7907.788327149199,4149.34152699174,0.524715806156081,0.3832528853640508,0.1000296429557093,9.5e-05,0.00012645760845251476,0.0244104014721986,1.4407709549001897,239297.0,9.35531995804377
vm1748,EUC_2D,1748,NN,408102.0,1258.0,0.0025736339155204738,21392.0,8548.224309342331,4235.172616634822,0.4954447220115893,0.2176608953319397,0.1000407367189782,0.000155,0.00011698335979638516,0.0197177192963897,1.3851432993469732,336556.0,21.258274997325856
vm1748,EUC_2D,1748,Greedy,397399.0,6921.0,0.0025736339155204738,21392.0,8548.224309342331,4235.172616634822,0.4954447220115893,0.2176608953319397,0.1000407367189782,0.000155,0.00011698335979638516,0.0197177192963897,1.3851432993469732,336556.0,18.07812072879402
vm1748,EUC_2D,1748,Insertion,398693.0,1102586.0,0.0025736339155204738,21392.0,8548.224309342331,4235.172616634822,0.4954447220115893,0.2176608953319397,0.1000407367189782,0.000155,0.00011698335979638516,0.0197177192963897,1.3851432993469732,336556.0,18.46260354888934
vm1748,EUC_2D,1748,CH,375006.0,159134.0,0.0025736339155204738,21392.0,8548.224309342331,4235.172616634822,0.4954447220115893,0.2176608953319397,0.1000407367189782,0.000155,0.00011698335979638516,0.0197177192963897,1.3851432993469732,336556.0,11.424547475011588
bayg29,Explicit,29,NN,2005.0,2.0,0.15306199387752023,386.0,163.33251231527095,76.66712179049772,0.4693929010441703,0.3330384355534676,0.105911330049261,0.0,0.0,0.2784672688613092,1.520090978013647,1610.0,24.53416149068323
bayg29,Explicit,29,Greedy,1974.0,1.0,0.15306199387752023,386.0,163.33251231527095,76.66712179049772,0.4693929010441703,0.3330384355534676,0.105911330049261,0.0,0.0,0.2784672688613092,1.520090978013647,1610.0,22.60869565217392
bayg29,Explicit,29,Insertion,1769.0,7.0,0.15306199387752023,386.0,163.33251231527095,76.66712179049772,0.4693929010441703,0.3330384355534676,0.105911330049261,0.0,0.0,0.2784672688613092,1.520090978013647,1610.0,9.875776397515528
bayg29,Explicit,29,CH,1716.0,10.0,0.15306199387752023,386.0,163.33251231527095,76.66712179049772,0.4693929010441703,0.3330384355534676,0.105911330049261,0.0,0.0,0.2784672688613092,1.520090978013647,1610.0,6.583850931677018
bays29,Explicit,29,NN,2258.0,1.0,0.13588983456058143,509.0,206.04926108374383,99.60009959510826,0.4833800377213105,0.4034085642527251,0.105911330049261,0.02241,0.07817433707927884,0.2605670842497848,1.4502247912652535,2020.0,11.782178217821782
bays29,Explicit,29,Greedy,2480.0,1.0,0.13588983456058143,509.0,206.04926108374383,99.60009959510826,0.4833800377213105,0.4034085642527251,0.105911330049261,0.02241,0.07817433707927884,0.2605670842497848,1.4502247912652535,2020.0,22.77227722772277
bays29,Explicit,29,Insertion,2148.0,4.0,0.13588983456058143,509.0,206.04926108374383,99.60009959510826,0.4833800377213105,0.4034085642527251,0.105911330049261,0.02241,0.07817433707927884,0.2605670842497848,1.4502247912652535,2020.0,6.336633663366337
bays29,Explicit,29,CH,2155.0,10.0,0.13588983456058143,509.0,206.04926108374383,99.60009959510826,0.4833800377213105,0.4034085642527251,0.105911330049261,0.02241,0.07817433707927884,0.2605670842497848,1.4502247912652535,2020.0,6.683168316831684
brazil58,Explicit,58,NN,30774.0,3.0,0.03377637821733512,8700.0,2131.667271627344,1411.102833994074,0.6619714308963512,0.7109791564841694,0.1004234724742891,0.040645,0.10383162721125229,0.1416569655408063,1.7571085988352175,25395.0,21.181334908446544
brazil58,Explicit,58,Greedy,30458.0,2.0,0.03377637821733512,8700.0,2131.667271627344,1411.102833994074,0.6619714308963512,0.7109791564841694,0.1004234724742891,0.040645,0.10383162721125229,0.1416569655408063,1.7571085988352175,25395.0,19.93699547154952
brazil58,Explicit,58,Insertion,28972.0,31.0,0.03377637821733512,8700.0,2131.667271627344,1411.102833994074,0.6619714308963512,0.7109791564841694,0.1004234724742891,0.040645,0.10383162721125229,0.1416569655408063,1.7571085988352175,25395.0,14.085449891710963
brazil58,Explicit,58,CH,27442.0,31.0,0.03377637821733512,8700.0,2131.667271627344,1411.102833994074,0.6619714308963512,0.7109791564841694,0.1004234724742891,0.040645,0.10383162721125229,0.1416569655408063,1.7571085988352175,25395.0,8.06064185863359
brg180,Explicit,180,NN,12360.0,19.0,0.003955282474931464,10000.0,5056.52886405959,3735.838833159499,0.7388148932982088,-0.0524475025922451,0.2405959031657355,0.16645,0.9155389414888534,0.0021094839866301,6.4375,1950.0,533.8461538461538
brg180,Explicit,180,Greedy,37830.0,16.0,0.003955282474931464,10000.0,5056.52886405959,3735.838833159499,0.7388148932982088,-0.0524475025922451,0.2405959031657355,0.16645,0.9155389414888534,0.0021094839866301,6.4375,1950.0,1840.0
brg180,Explicit,180,Insertion,2420.0,944.0,0.003955282474931464,10000.0,5056.52886405959,3735.838833159499,0.7388148932982088,-0.0524475025922451,0.2405959031657355,0.16645,0.9155389414888534,0.0021094839866301,6.4375,1950.0,24.102564102564106
brg180,Explicit,180,CH,109130.0,135.0,0.003955282474931464,10000.0,5056.52886405959,3735.838833159499,0.7388148932982088,-0.0524475025922451,0.2405959031657355,0.16645,0.9155389414888534,0.0021094839866301,6.4375,1950.0,5496.410256410256
dantzig42,Explicit,42,NN,956.0,1.0,0.04050811573747354,192.0,74.05923344947735,42.49908080025406,0.5738525612643104,0.6790834831389579,0.1056910569105691,0.036285,0.026465823262588926,0.1900023523876735,1.6175972927241962,699.0,36.76680972818312
dantzig42,Explicit,42,Greedy,1003.0,1.0,0.04050811573747354,192.0,74.05923344947735,42.49908080025406,0.5738525612643104,0.6790834831389579,0.1056910569105691,0.036285,0.026465823262588926,0.1900023523876735,1.6175972927241962,699.0,43.490701001430615
dantzig42,Explicit,42,Insertion,794.0,14.0,0.04050811573747354,192.0,74.05923344947735,42.49908080025406,0.5738525612643104,0.6790834831389579,0.1056910569105691,0.036285,0.026465823262588926,0.1900023523876735,1.6175972927241962,699.0,13.590844062947069
dantzig42,Explicit,42,CH,761.0,31.0,0.04050811573747354,192.0,74.05923344947735,42.49908080025406,0.5738525612643104,0.6790834831389579,0.1056910569105691,0.036285,0.026465823262588926,0.1900023523876735,1.6175972927241962,699.0,8.869814020028613
fri26,Explicit,26,NN,1112.0,1.0,0.08688548938066239,280.0,103.5846153846154,56.29414296837974,0.5434604623414054,0.6913588647431387,0.1015384615384615,0.00166,0.009653943264518045,0.2751373830387642,1.5006747638326583,937.0,18.676627534685167
fri26,Explicit,26,Greedy,988.0,1.0,0.08688548938066239,280.0,103.5846153846154,56.29414296837974,0.5434604623414054,0.6913588647431387,0.1015384615384615,0.00166,0.009653943264518045,0.2751373830387642,1.5006747638326583,937.0,5.44290288153682
fri26,Explicit,26,Insertion,1027.0,3.0,0.08688548938066239,280.0,103.5846153846154,56.29414296837974,0.5434604623414054,0.6913588647431387,0.1015384615384615,0.00166,0.009653943264518045,0.2751373830387642,1.5006747638326583,937.0,9.6051227321238
fri26,Explicit,26,CH,1043.0,13.0,0.08688548938066239,280.0,103.5846153846154,56.29414296837974,0.5434604623414054,0.6913588647431387,0.1015384615384615,0.00166,0.009653943264518045,0.2751373830387642,1.5006747638326583,937.0,11.312700106723586
gr120,Explicit,120,NN,9351.0,10.0,0.027512224444264623,1210.0,436.1697478991597,240.08263874455224,0.5504339535259519,0.4896969398563053,0.1007002801120448,0.026085,0.08158699093192404,0.1109086547909417,1.6108527131782946,6942.0,34.70181503889369
gr120,Explicit,120,Greedy,8241.0,9.0,0.027512224444264623,1210.0,436.1697478991597,240.08263874455224,0.5504339535259519,0.4896969398563053,0.1007002801120448,0.026085,0.08158699093192404,0.1109086547909417,1.6108527131782946,6942.0,18.71218668971478
gr120,Explicit,120,Insertion,7802.0,268.0,0.027512224444264623,1210.0,436.1697478991597,240.08263874455224,0.5504339535259519,0.4896969398563053,0.1007002801120448,0.026085,0.08158699093192404,0.1109086547909417,1.6108527131782946,6942.0,12.388360702967445
gr120,Explicit,120,CH,8048.0,249.0,0.027512224444264623,1210.0,436.1697478991597,240.08263874455224,0.5504339535259519,0.4896969398563053,0.1007002801120448,0.026085,0.08158699093192404,0.1109086547909417,1.6108527131782946,6942.0,15.93200806683953
gr17,Explicit,17,NN,2187.0,1.0,0.09832378300219567,745.0,274.6029411764706,162.82836865364806,0.592959303188993,0.5489038904666187,0.1029411764705882,0.03294,0.05965228230039437,0.3043967225405666,1.5390570021111891,2085.0,4.892086330935252
gr17,Explicit,17,Greedy,2189.0,1.0,0.09832378300219567,745.0,274.6029411764706,162.82836865364806,0.592959303188993,0.5489038904666187,0.1029411764705882,0.03294,0.05965228230039437,0.3043967225405666,1.5390570021111891,2085.0,4.988009592326139
gr17,Explicit,17,Insertion,2159.0,1.0,0.09832378300219567,745.0,274.6029411764706,162.82836865364806,0.592959303188993,0.5489038904666187,0.1029411764705882,0.03294,0.05965228230039437,0.3043967225405666,1.5390570021111891,2085.0,3.549160671462829
gr17,Explicit,17,CH,2197.0,3.0,0.09832378300219567,745.0,274.6029411764706,162.82836865364806,0.592959303188993,0.5489038904666187,0.1029411764705882,0.03294,0.05965228230039437,0.3043967225405666,1.5390570021111891,2085.0,5.371702637889688
gr21,Explicit,21,NN,3333.0,1.0,0.07419912060301508,865.0,363.8857142857143,187.2474967363078,0.5145777627018508,0.2721544162830958,0.1,0.026075,0.0318296600451924,0.2827941792294807,1.5423415085608514,2707.0,23.1252308828962
gr21,Explicit,21,Greedy,3028.0,1.0,0.07419912060301508,865.0,363.8857142857143,187.2474967363078,0.5145777627018508,0.2721544162830958,0.1,0.026075,0.0318296600451924,0.2827941792294807,1.5423415085608514,2707.0,11.85814554857776
gr21,Explicit,21,Insertion,3121.0,2.0,0.07419912060301508,865.0,363.8857142857143,187.2474967363078,0.5145777627018508,0.2721544162830958,0.1,0.026075,0.0318296600451924,0.2827941792294807,1.5423415085608514,2707.0,15.293683043960105
gr21,Explicit,21,CH,3092.0,3.0,0.07419912060301508,865.0,363.8857142857143,187.2474967363078,0.5145777627018508,0.2721544162830958,0.1,0.026075,0.0318296600451924,0.2827941792294807,1.5423415085608514,2707.0,14.222386405615072
gr24,Explicit,24,NN,1553.0,1.0,0.14904636834482926,389.0,147.60507246376812,73.57447062598074,0.4984548931679884,0.4482678086428074,0.1014492753623188,0.046785,0.13523821649592546,0.2853899212057242,1.536102868447082,1272.0,22.09119496855346
gr24,Explicit,24,Greedy,1602.0,1.0,0.14904636834482926,389.0,147.60507246376812,73.57447062598074,0.4984548931679884,0.4482678086428074,0.1014492753623188,0.046785,0.13523821649592546,0.2853899212057242,1.536102868447082,1272.0,25.943396226415093
gr24,Explicit,24,Insertion,1372.0,2.0,0.14904636834482926,389.0,147.60507246376812,73.57447062598074,0.4984548931679884,0.4482678086428074,0.1014492753623188,0.046785,0.13523821649592546,0.2853899212057242,1.536102868447082,1272.0,7.861635220125786
gr24,Explicit,24,CH,1455.0,4.0,0.14904636834482926,389.0,147.60507246376812,73.57447062598074,0.4984548931679884,0.4482678086428074,0.1014492753623188,0.046785,0.13523821649592546,0.2853899212057242,1.536102868447082,1272.0,14.38679245283019
gr48,Explicit,48,NN,6098.0,2.0,0.04795733886168129,1083.0,437.8891843971632,212.83057963484384,0.48603753465125,0.327608188551618,0.100177304964539,0.017465,0.05483846153586225,0.1942081916997847,1.493875551200392,5046.0,20.848196591359493
gr48,Explicit,48,Greedy,6406.0,1.0,0.04795733886168129,1083.0,437.8891843971632,212.83057963484384,0.48603753465125,0.327608188551618,0.100177304964539,0.017465,0.05483846153586225,0.1942081916997847,1.493875551200392,5046.0,26.952041220768923
gr48,Explicit,48,Insertion,5596.0,18.0,0.04795733886168129,1083.0,437.8891843971632,212.83057963484384,0.48603753465125,0.327608188551618,0.100177304964539,0.017465,0.05483846153586225,0.1942081916997847,1.493875551200392,5046.0,10.899722552516844
gr48,Explicit,48,CH,5753.0,25.0,0.04795733886168129,1083.0,437.8891843971632,212.83057963484384,0.48603753465125,0.327608188551618,0.100177304964539,0.017465,0.05483846153586225,0.1942081916997847,1.493875551200392,5046.0,14.0110978993262
hk48,Explicit,48,NN,13181.0,2.0,0.08114517101987893,2734.0,1022.8581560283689,580.0435124490131,0.567081084537909,0.6638310209430487,0.100177304964539,0.001525,0.011927362487259313,0.2017427005401357,1.3307420494699649,11461.0,15.007416455806649
hk48,Explicit,48,Greedy,13402.0,1.0,0.08114517101987893,2734.0,1022.8581560283689,580.0435124490131,0.567081084537909,0.6638310209430487,0.100177304964539,0.001525,0.011927362487259313,0.2017427005401357,1.3307420494699649,11461.0,16.935694965535294
hk48,Explicit,48,Insertion,13000.0,23.0,0.08114517101987893,2734.0,1022.8581560283689,580.0435124490131,0.567081084537909,0.6638310209430487,0.100177304964539,0.001525,0.011927362487259313,0.2017427005401357,1.3307420494699649,11461.0,13.428147631096762
hk48,Explicit,48,CH,12896.0,20.0,0.08114517101987893,2734.0,1022.8581560283689,580.0435124490131,0.567081084537909,0.6638310209430487,0.100177304964539,0.001525,0.011927362487259313,0.2017427005401357,1.3307420494699649,11461.0,12.52072245004799
pa561,Explicit,561,NN,3422.0,212.0,0.015331544653123804,182.0,65.225,31.345245260880045,0.4805710273802997,0.3125820371931761,0.1037114845938375,0.0,0.0,0.0654801800158371,1.4282136894824708,2763.0,23.850886717336227
pa561,Explicit,561,Greedy,3309.0,416.0,0.015331544653123804,182.0,65.225,31.345245260880045,0.4805710273802997,0.3125820371931761,0.1037114845938375,0.0,0.0,0.0654801800158371,1.4282136894824708,2763.0,19.76112920738328
pa561,Explicit,561,Insertion,3431.0,34496.0,0.015331544653123804,182.0,65.225,31.345245260880045,0.4805710273802997,0.3125820371931761,0.1037114845938375,0.0,0.0,0.0654801800158371,1.4282136894824708,2763.0,24.17661961635903
pa561,Explicit,561,CH,3195.0,13255.0,0.015331544653123804,182.0,65.225,31.345245260880045,0.4805710273802997,0.3125820371931761,0.1037114845938375,0.0,0.0,0.0654801800158371,1.4282136894824708,2763.0,15.63517915309446
si175,Explicit,175,NN,22263.0,26.0,0.25457208600057757,416.0,274.9712315270936,65.12007017956219,0.2368250300873593,-0.2565668369933391,0.1012807881773399,0.0,0.0,0.4314633183301217,1.072295539928716,21407.0,3.998692016630075
si175,Explicit,175,Greedy,21957.0,19.0,0.25457208600057757,416.0,274.9712315270936,65.12007017956219,0.2368250300873593,-0.2565668369933391,0.1012807881773399,0.0,0.0,0.4314633183301217,1.072295539928716,21407.0,2.569253048068389
si175,Explicit,175,Insertion,22271.0,1609.0,0.25457208600057757,416.0,274.9712315270936,65.12007017956219,0.2368250300873593,-0.2565668369933391,0.1012807881773399,0.0,0.0,0.4314633183301217,1.072295539928716,21407.0,4.036062970056523
si175,Explicit,175,CH,21954.0,348.0,0.25457208600057757,416.0,274.9712315270936,65.12007017956219,0.2368250300873593,-0.2565668369933391,0.1012807881773399,0.0,0.0,0.4314633183301217,1.072295539928716,21407.0,2.5552389405334703
si535,Explicit,535,NN,50144.0,205.0,0.2355092833639388,549.0,297.2281983968637,104.46394531016595,0.3514604128195268,-0.0230249158629446,0.1025797192761384,0.0,0.0,0.2990370478644064,1.0545087483176312,48450.0,3.4963880288957685
si535,Explicit,535,Greedy,49413.0,257.0,0.2355092833639388,549.0,297.2281983968637,104.46394531016595,0.3514604128195268,-0.0230249158629446,0.1025797192761384,0.0,0.0,0.2990370478644064,1.0545087483176312,48450.0,1.9876160990712075
si535,Explicit,535,Insertion,49487.0,31201.0,0.2355092833639388,549.0,297.2281983968637,104.46394531016595,0.3514604128195268,-0.0230249158629446,0.1025797192761384,0.0,0.0,0.2990370478644064,1.0545087483176312,48450.0,2.1403508771929824
si535,Explicit,535,CH,50249.0,11606.0,0.2355092833639388,549.0,297.2281983968637,104.46394531016595,0.3514604128195268,-0.0230249158629446,0.1025797192761384,0.0,0.0,0.2990370478644064,1.0545087483176312,48450.0,3.713106295149639
ali535,Geo,535,NN,253127.0,198.0,0.00015148025878980944,19964.0,6601.520277223564,4278.735266214444,0.6481439254192481,0.4545217824776726,0.1000315026777276,0.0,0.0,0.0488907490205846,1.465932716753633,202339.0,25.10045023450744
ali535,Geo,535,Greedy,237817.0,367.0,0.00015148025878980944,19964.0,6601.520277223564,4278.735266214444,0.6481439254192481,0.4545217824776726,0.1000315026777276,0.0,0.0,0.0488907490205846,1.465932716753633,202339.0,17.533940565091257
ali535,Geo,535,Insertion,242524.0,30971.0,0.00015148025878980944,19964.0,6601.520277223564,4278.735266214444,0.6481439254192481,0.4545217824776726,0.1000315026777276,0.0,0.0,0.0488907490205846,1.465932716753633,202339.0,19.860234556857552
ali535,Geo,535,CH,225134.0,12101.0,0.00015148025878980944,19964.0,6601.520277223564,4278.735266214444,0.6481439254192481,0.4545217824776726,0.1000315026777276,0.0,0.0,0.0488907490205846,1.465932716753633,202339.0,11.265747087808084
burma14,Geo,14,NN,4048.0,1.0,0.03986718623901865,1261.0,476.5824175824176,252.6249909737455,0.5300761875674063,0.6546042628193178,0.1098901098901098,0.0,0.0,0.3514607207913486,1.726226012793177,3323.0,21.81763466746916
burma14,Geo,14,Greedy,3889.0,1.0,0.03986718623901865,1261.0,476.5824175824176,252.6249909737455,0.5300761875674063,0.6546042628193178,0.1098901098901098,0.0,0.0,0.3514607207913486,1.726226012793177,3323.0,17.032801685224193
burma14,Geo,14,Insertion,3588.0,1.0,0.03986718623901865,1261.0,476.5824175824176,252.6249909737455,0.5300761875674063,0.6546042628193178,0.1098901098901098,0.0,0.0,0.3514607207913486,1.726226012793177,3323.0,7.974721637074933
burma14,Geo,14,CH,3606.0,3.0,0.03986718623901865,1261.0,476.5824175824176,252.6249909737455,0.5300761875674063,0.6546042628193178,0.1098901098901098,0.0,0.0,0.3514607207913486,1.726226012793177,3323.0,8.516400842612097
gr137,Geo,137,NN,93912.0,14.0,0.014648107499303547,15667.0,4710.506118505797,2804.6938833630884,0.5954124276252412,0.658051115774865,0.1000429368827823,0.0,0.0,0.0913240469133031,1.5934843471621278,69853.0,34.44232889067041
gr137,Geo,137,Greedy,79460.0,12.0,0.014648107499303547,15667.0,4710.506118505797,2804.6938833630884,0.5954124276252412,0.658051115774865,0.1000429368827823,0.0,0.0,0.0913240469133031,1.5934843471621278,69853.0,13.753167365753797
gr137,Geo,137,Insertion,79730.0,835.0,0.014648107499303547,15667.0,4710.506118505797,2804.6938833630884,0.5954124276252412,0.658051115774865,0.1000429368827823,0.0,0.0,0.0913240469133031,1.5934843471621278,69853.0,14.1396933560477
gr137,Geo,137,CH,76589.0,280.0,0.014648107499303547,15667.0,4710.506118505797,2804.6938833630884,0.5954124276252412,0.658051115774865,0.1000429368827823,0.0,0.0,0.0913240469133031,1.5934843471621278,69853.0,9.643107668961964
gr202,Geo,202,NN,49336.0,30.0,0.0060487286005108405,6530.0,1322.5919905423375,825.0839084363934,0.6238385793475599,1.4121507405178468,0.1000935914486971,0.0,0.0,0.1221087086228125,1.5123072678784906,40160.0,22.848605577689245
gr202,Geo,202,Greedy,45926.0,29.0,0.0060487286005108405,6530.0,1322.5919905423375,825.0839084363934,0.6238385793475599,1.4121507405178468,0.1000935914486971,0.0,0.0,0.1221087086228125,1.5123072678784906,40160.0,14.357569721115537
gr202,Geo,202,Insertion,46480.0,2483.0,0.0060487286005108405,6530.0,1322.5919905423375,825.0839084363934,0.6238385793475599,1.4121507405178468,0.1000935914486971,0.0,0.0,0.1221087086228125,1.5123072678784906,40160.0,15.737051792828684
gr202,Geo,202,CH,43377.0,1068.0,0.0060487286005108405,6530.0,1322.5919905423375,825.0839084363934,0.6238385793475599,1.4121507405178468,0.1000935914486971,0.0,0.0,0.1221087086228125,1.5123072678784906,40160.0,8.010458167330677
gr229,Geo,229,NN,162430.0,52.0,0.007303912093979464,19894.0,6024.168888378151,3800.818866378756,0.6309283382992981,0.9381970913941252,0.1000153221481651,0.0,0.0,0.0826198877268258,1.4251120840169509,134602.0,20.67428418597049
gr229,Geo,229,Greedy,163730.0,45.0,0.007303912093979464,19894.0,6024.168888378151,3800.818866378756,0.6309283382992981,0.9381970913941252,0.1000153221481651,0.0,0.0,0.0826198877268258,1.4251120840169509,134602.0,21.64009450082465
gr229,Geo,229,Insertion,153896.0,2096.0,0.007303912093979464,19894.0,6024.168888378151,3800.818866378756,0.6309283382992981,0.9381970913941252,0.1000153221481651,0.0,0.0,0.0826198877268258,1.4251120840169509,134602.0,14.334110934458629
gr229,Geo,229,CH,147311.0,965.0,0.007303912093979464,19894.0,6024.168888378151,3800.818866378756,0.6309283382992981,0.9381970913941252,0.1000153221481651,0.0,0.0,0.0826198877268258,1.4251120840169509,134602.0,9.44191022421658
gr431,Geo,431,NN,210069.0,119.0,0.001390055477261856,19982.0,5755.16598499973,4341.785801102292,0.7544153917399995,0.8380185079530079,0.1000809367074947,0.0,0.0,0.0583674135564078,1.450963192175661,171414.0,22.550666806678567
gr431,Geo,431,Greedy,204581.0,201.0,0.001390055477261856,19982.0,5755.16598499973,4341.785801102292,0.7544153917399995,0.8380185079530079,0.1000809367074947,0.0,0.0,0.0583674135564078,1.450963192175661,171414.0,19.349061336880304
gr431,Geo,431,Insertion,198626.0,15182.0,0.001390055477261856,19982.0,5755.16598499973,4341.785801102292,0.7544153917399995,0.8380185079530079,0.1000809367074947,0.0,0.0,0.0583674135564078,1.450963192175661,171414.0,15.875016043030325
gr431,Geo,431,CH,186132.0,7951.0,0.001390055477261856,19982.0,5755.16598499973,4341.785801102292,0.7544153917399995,0.8380185079530079,0.1000809367074947,0.0,0.0,0.0583674135564078,1.450963192175661,171414.0,8.58622982953551
gr666,Geo,666,NN,366962.0,287.0,0.0006530404867626041,20039.0,7656.493129219445,4443.267067216066,0.5803266576782056,0.3148847577931624,0.1000564474248684,0.0,0.0,0.0500568280140064,1.4376515664972909,294358.0,24.66520359562166
gr666,Geo,666,Greedy,339319.0,542.0,0.0006530404867626041,20039.0,7656.493129219445,4443.267067216066,0.5803266576782056,0.3148847577931624,0.1000564474248684,0.0,0.0,0.0500568280140064,1.4376515664972909,294358.0,15.274257876463354
gr666,Geo,666,Insertion,343511.0,61039.0,0.0006530404867626041,20039.0,7656.493129219445,4443.267067216066,0.5803266576782056,0.3148847577931624,0.1000564474248684,0.0,0.0,0.0500568280140064,1.4376515664972909,294358.0,16.698374088694717
gr666,Geo,666,CH,326784.0,23692.0,0.0006530404867626041,20039.0,7656.493129219445,4443.267067216066,0.5803266576782056,0.3148847577931624,0.1000564474248684,0.0,0.0,0.0500568280140064,1.4376515664972909,294358.0,11.015837857303012
gr96,Geo,96,NN,70916.0,6.0,0.001294806921288176,9850.0,3861.579605263158,1955.6099336326408,0.5064274554814907,0.320516425153656,0.1,0.0,0.0,0.1274278836556919,1.50121721458964,55209.0,28.450071546305857
gr96,Geo,96,Greedy,62773.0,9.0,0.001294806921288176,9850.0,3861.579605263158,1955.6099336326408,0.5064274554814907,0.320516425153656,0.1,0.0,0.0,0.1274278836556919,1.50121721458964,55209.0,13.70066474668985
gr96,Geo,96,Insertion,69029.0,164.0,0.001294806921288176,9850.0,3861.579605263158,1955.6099336326408,0.5064274554814907,0.320516425153656,0.1,0.0,0.0,0.1274278836556919,1.50121721458964,55209.0,25.032150555163103
gr96,Geo,96,CH,61951.0,90.0,0.001294806921288176,9850.0,3861.579605263158,1955.6099336326408,0.5064274554814907,0.320516425153656,0.1,0.0,0.0,0.1274278836556919,1.50121721458964,55209.0,12.211777065333552
ulysses16,Geo,16,NN,9988.0,1.0,0.0638611429507123,2789.0,814.2666666666667,576.0187892382986,0.7074080431123694,1.366325619757317,0.1,0.0,0.0,0.3484730636973964,2.2,6859.0,45.61889488263595
ulysses16,Geo,16,Greedy,8003.0,1.0,0.0638611429507123,2789.0,814.2666666666667,576.0187892382986,0.7074080431123694,1.366325619757317,0.1,0.0,0.0,0.3484730636973964,2.2,6859.0,16.678816153958305
ulysses16,Geo,16,Insertion,7368.0,1.0,0.0638611429507123,2789.0,814.2666666666667,576.0187892382986,0.7074080431123694,1.366325619757317,0.1,0.0,0.0,0.3484730636973964,2.2,6859.0,7.420906837731447
ulysses16,Geo,16,CH,6983.0,2.0,0.0638611429507123,2789.0,814.2666666666667,576.0187892382986,0.7074080431123694,1.366325619757317,0.1,0.0,0.0,0.3484730636973964,2.2,6859.0,1.8078437089954804
ulysses22,Geo,22,NN,10586.0,1.0,0.018534438293043565,2789.0,755.3506493506494,540.6568820037529,0.7157694012291353,1.4929004912956727,0.1038961038961039,0.0,0.0,0.280423644303841,2.2716738197424893,7013.0,50.94823898474262
ulysses22,Geo,22,Greedy,8250.0,1.0,0.018534438293043565,2789.0,755.3506493506494,540.6568820037529,0.7157694012291353,1.4929004912956727,0.1038961038961039,0.0,0.0,0.280423644303841,2.2716738197424893,7013.0,17.638671039498075
ulysses22,Geo,22,Insertion,7709.0,2.0,0.018534438293043565,2789.0,755.3506493506494,540.6568820037529,0.7157694012291353,1.4929004912956727,0.1038961038961039,0.0,0.0,0.280423644303841,2.2716738197424893,7013.0,9.924426065877656
ulysses22,Geo,22,CH,7411.0,3.0,0.018534438293043565,2789.0,755.3506493506494,540.6568820037529,0.7157694012291353,1.4929004912956727,0.1038961038961039,0.0,0.0,0.280423644303841,2.2716738197424893,7013.0,5.675174675602452
qa194,EUC_2D,194,NN,11640.0,9.390920000441838,0.0020858534657021894,1459.0,479.420063030821,263.5335309580738,0.5496923288776334,0.3052540037477898,0.1005288179050264,0.0,0.0,0.0862941232769369,1.450286568651881,9352.0,24.46535500427716
qa194,EUC_2D,194,Greedy,11565.0,262.3693470013677,0.0020858534657021894,1459.0,479.420063030821,263.5335309580738,0.5496923288776334,0.3052540037477898,0.1005288179050264,0.0,0.0,0.0862941232769369,1.450286568651881,9352.0,23.6633875106929
qa194,EUC_2D,194,Insertion,11051.0,906.4518689992838,0.0020858534657021894,1459.0,479.420063030821,263.5335309580738,0.5496923288776334,0.3052540037477898,0.1005288179050264,0.0,0.0,0.0862941232769369,1.450286568651881,9352.0,18.167236954662105
qa194,EUC_2D,194,CH,10505.0,1208.6687149985664,0.0020858534657021894,1459.0,479.420063030821,263.5335309580738,0.5496923288776334,0.3052540037477898,0.1005288179050264,0.0,0.0,0.0862941232769369,1.450286568651881,9352.0,12.32891360136869
nu3496,EUC_2D,3496,NN,122115.0,3153.375321999192,0.0,4929.0,1506.1420795644644,978.0956189065844,0.6494046160568219,0.8243450454130353,0.1004260745163898,0.0,0.0,0.0161362530350025,1.4372388630612605,96647.0,26.351568077643385
nu3496,EUC_2D,3496,Greedy,113600.0,19672.04818999926,0.0,4929.0,1506.1420795644644,978.0956189065844,0.6494046160568219,0.8243450454130353,0.1004260745163898,0.0,0.0,0.0161362530350025,1.4372388630612605,96647.0,17.541154924622596
lu980,EUC_2D,980,NN,14370.0,243.61265699917567,0.0,787.0,313.86773258843886,155.84306585053432,0.4965246493015087,0.2842133568385446,0.1005482478997727,0.0,0.0,0.0331837428350945,1.4078573527971,11340.0,26.71957671957672
lu980,EUC_2D,980,Greedy,13228.0,989.408507999542,0.0,787.0,313.86773258843886,155.84306585053432,0.4965246493015087,0.2842133568385446,0.1005482478997727,0.0,0.0,0.0331837428350945,1.4078573527971,11340.0,16.649029982363317
lu980,EUC_2D,980,Insertion,13356.0,137043.41002799993,0.0,787.0,313.86773258843886,155.84306585053432,0.4965246493015087,0.2842133568385446,0.1005482478997727,0.0,0.0,0.0331837428350945,1.4078573527971,11340.0,17.77777777777778
lu980,EUC_2D,980,CH,12940.0,99475.770776,0.0,787.0,313.86773258843886,155.84306585053432,0.4965246493015087,0.2842133568385446,0.1005482478997727,0.0,0.0,0.0331837428350945,1.4078573527971,11340.0,14.109347442680775
zi929,EUC_2D,929,NN,113926.0,244.06817799899727,0.001176550659925372,7300.0,2549.826456423295,1457.085699957148,0.5714450472841348,0.0114880631062615,0.1003094725511302,0.0,0.0,0.0349811687597402,1.374871776305468,95345.0,19.488174524096703
zi929,EUC_2D,929,Greedy,110510.0,845.9658299998409,0.001176550659925372,7300.0,2549.826456423295,1457.085699957148,0.5714450472841348,0.0114880631062615,0.1003094725511302,0.0,0.0,0.0349811687597402,1.374871776305468,95345.0,15.90539619277361
zi929,EUC_2D,929,Insertion,116018.0,104548.12646500068,0.001176550659925372,7300.0,2549.826456423295,1457.085699957148,0.5714450472841348,0.0114880631062615,0.1003094725511302,0.0,0.0,0.0349811687597402,1.374871776305468,95345.0,21.682311605223138
zi929,EUC_2D,929,CH,106944.0,40217.65233000042,0.001176550659925372,7300.0,2549.826456423295,1457.085699957148,0.5714450472841348,0.0114880631062615,0.1003094725511302,0.0,0.0,0.0349811687597402,1.374871776305468,95345.0,12.165294456972047
christofides_hard_n400_s0,Explicit,400,NN,3901.0,59.5289049999792,0.0005318769910353599,4999.0,1880.1339724310776,1933.0850860758253,1.02816347899734,0.2055275810067358,0.1031203007518797,0.28682,0.3924612706425998,0.0005398551459008,9.608374384236454,421.0,826.6033254156771
christofides_hard_n400_s0,Explicit,400,Greedy,12820.0,140.5761099999836,0.0005318769910353599,4999.0,1880.1339724310776,1933.0850860758253,1.02816347899734,0.2055275810067358,0.1031203007518797,0.28682,0.3924612706425998,0.0005398551459008,9.608374384236454,421.0,2945.1306413301663
christofides_hard_n400_s0,Explicit,400,Insertion,886.0,12392.51519200002,0.0005318769910353599,4999.0,1880.1339724310776,1933.0850860758253,1.02816347899734,0.2055275810067358,0.1031203007518797,0.28682,0.3924612706425998,0.0005398551459008,9.608374384236454,421.0,110.45130641330164
christofides_hard_n400_s0,Explicit,400,CH,8650.0,8224.557871000115,0.0005318769910353599,4999.0,1880.1339724310776,1933.0850860758253,1.02816347899734,0.2055275810067358,0.1031203007518797,0.28682,0.3924612706425998,0.0005398551459008,9.608374384236454,421.0,1954.6318289786225
christofides_hard_n100_s0,Explicit,100,NN,3013.0,7.776488999979847,0.0005346958174904942,4998.0,1870.2222222222224,1936.28910853452,1.0353256877858057,0.2171173352617713,0.1068686868686868,0.284895,0.43450063038533904,0.0008555133079847,18.83125,225.0,1239.111111111111
christofides_hard_n100_s0,Explicit,100,Greedy,4856.0,10.06902699987222,0.0005346958174904942,4998.0,1870.2222222222224,1936.28910853452,1.0353256877858057,0.2171173352617713,0.1068686868686868,0.284895,0.43450063038533904,0.0008555133079847,18.83125,225.0,2058.222222222222
christofides_hard_n100_s0,Explicit,100,Insertion,412.0,294.89491800018186,0.0005346958174904942,4998.0,1870.2222222222224,1936.28910853452,1.0353256877858057,0.2171173352617713,0.1068686868686868,0.284895,0.43450063038533904,0.0008555133079847,18.83125,225.0,83.11111111111111
christofides_hard_n100_s0,Explicit,100,CH,5275.0,223.27401600000485,0.0005346958174904942,4998.0,1870.2222222222224,1936.28910853452,1.0353256877858057,0.2171173352617713,0.1068686868686868,0.284895,0.43450063038533904,0.0008555133079847,18.83125,225.0,2244.4444444444443
christofides_hard_n200_s0,Explicit,200,NN,3279.0,15.625052999894251,0.0005337043123630271,4999.0,1873.6966834170853,1932.0313819561447,1.0311334801706933,0.212675819903726,0.1013567839195979,0.284505,0.41069714118134437,0.0006084229160938,14.38157894736842,274.0,1096.7153284671533
christofides_hard_n200_s0,Explicit,200,Greedy,8433.0,28.0685430000176,0.0005337043123630271,4999.0,1873.6966834170853,1932.0313819561447,1.0311334801706933,0.212675819903726,0.1013567839195979,0.284505,0.41069714118134437,0.0006084229160938,14.38157894736842,274.0,2977.7372262773724
christofides_hard_n200_s0,Explicit,200,Insertion,651.0,1320.7136940000055,0.0005337043123630271,4999.0,1873.6966834170853,1932.0313819561447,1.0311334801706933,0.212675819903726,0.1013567839195979,0.284505,0.41069714118134437,0.0006084229160938,14.38157894736842,274.0,137.5912408759124
christofides_hard_n200_s0,Explicit,200,CH,6923.0,940.572039000017,0.0005337043123630271,4999.0,1873.6966834170853,1932.0313819561447,1.0311334801706933,0.212675819903726,0.1013567839195979,0.284505,0.41069714118134437,0.0006084229160938,14.38157894736842,274.0,2426.6423357664235
christofides_hard_n300_s0,Explicit,300,NN,3587.0,34.96032699990792,0.0005322729427766474,4999.0,1878.7353623188403,1932.46912940374,1.0286010303327542,0.205278614694938,0.1046822742474916,0.28497,0.3953901123432342,0.0005500153742025,11.570967741935483,348.0,930.7471264367816
christofides_hard_n300_s0,Explicit,300,Greedy,9322.0,73.33368600006906,0.0005322729427766474,4999.0,1878.7353623188403,1932.46912940374,1.0286010303327542,0.205278614694938,0.1046822742474916,0.28497,0.3953901123432342,0.0005500153742025,11.570967741935483,348.0,2578.735632183908
christofides_hard_n300_s0,Explicit,300,Insertion,747.0,4408.363869999903,0.0005322729427766474,4999.0,1878.7353623188403,1932.46912940374,1.0286010303327542,0.205278614694938,0.1046822742474916,0.28497,0.3953901123432342,0.0005500153742025,11.570967741935483,348.0,114.65517241379312
christofides_hard_n300_s0,Explicit,300,CH,7806.0,3544.778353000084,0.0005322729427766474,4999.0,1878.7353623188403,1932.46912940374,1.0286010303327542,0.205278614694938,0.1046822742474916,0.28497,0.3953901123432342,0.0005500153742025,11.570967741935483,348.0,2143.103448275862
christofides_hard_n500_s0,Explicit,500,NN,5591.0,112.64400100003512,0.0005311181235827875,4999.0,1882.8203286573143,1935.069800146147,1.027750641255341,0.2048551275402875,0.101875751503006,0.28566,0.39272145982056134,0.0005343048323242,11.11530815109344,516.0,983.5271317829456
christofides_hard_n500_s0,Explicit,500,Greedy,12075.0,229.03435500006708,0.0005311181235827875,4999.0,1882.8203286573143,1935.069800146147,1.027750641255341,0.2048551275402875,0.101875751503006,0.28566,0.39272145982056134,0.0005343048323242,11.11530815109344,516.0,2240.116279069768
christofides_hard_n500_s0,Explicit,500,Insertion,958.0,23187.791630999986,0.0005311181235827875,4999.0,1882.8203286573143,1935.069800146147,1.027750641255341,0.2048551275402875,0.101875751503006,0.28566,0.39272145982056134,0.0005343048323242,11.11530815109344,516.0,85.65891472868216
christofides_hard_n500_s0,Explicit,500,CH,11763.0,3712.453120999953,0.0005311181235827875,4999.0,1882.8203286573143,1935.069800146147,1.027750641255341,0.2048551275402875,0.101875751503006,0.28566,0.39272145982056134,0.0005343048323242,11.11530815109344,516.0,2179.651162790697
christofides_hard_n150_s0,Explicit,150,NN,474.0,8.835669999825768,0.0005355787221642843,4998.0,1867.1391498881435,1926.743061147442,1.0319225866282489,0.2118025534881363,0.1022818791946308,0.283845,0.41608957994099194,0.0006462649914115,2.6187845303867405,231.0,105.1948051948052
christofides_hard_n150_s0,Explicit,150,Greedy,8812.0,13.18252900000516,0.0005355787221642843,4998.0,1867.1391498881435,1926.743061147442,1.0319225866282489,0.2118025534881363,0.1022818791946308,0.283845,0.41608957994099194,0.0006462649914115,2.6187845303867405,231.0,3714.718614718615
christofides_hard_n150_s0,Explicit,150,Insertion,493.0,536.3917889999357,0.0005355787221642843,4998.0,1867.1391498881435,1926.743061147442,1.0319225866282489,0.2118025534881363,0.1022818791946308,0.283845,0.41608957994099194,0.0006462649914115,2.6187845303867405,231.0,113.41991341991344
christofides_hard_n150_s0,Explicit,150,CH,5400.0,598.0872690001888,0.0005355787221642843,4998.0,1867.1391498881435,1926.743061147442,1.0319225866282489,0.2118025534881363,0.1022818791946308,0.283845,0.41608957994099194,0.0006462649914115,2.6187845303867405,231.0,2237.662337662338
christofides_hard_n50_s0,Explicit,50,NN,3634.0,1.1711259999174215,0.0005516499738135134,4999.0,1812.743673469388,1896.9399998070944,1.0464469012193898,0.2500176629085126,0.106938775510204,0.288375,0.4986550005233438,0.0009157389565304,43.78313253012048,179.0,1930.167597765363
christofides_hard_n50_s0,Explicit,50,Greedy,7556.0,1.482496000107858,0.0005516499738135134,4999.0,1812.743673469388,1896.9399998070944,1.0464469012193898,0.2500176629085126,0.106938775510204,0.288375,0.4986550005233438,0.0009157389565304,43.78313253012048,179.0,4121.229050279329
christofides_hard_n50_s0,Explicit,50,Insertion,2759.0,22.63784699994176,0.0005516499738135134,4999.0,1812.743673469388,1896.9399998070944,1.0464469012193898,0.2500176629085126,0.106938775510204,0.288375,0.4986550005233438,0.0009157389565304,43.78313253012048,179.0,1441.340782122905
christofides_hard_n50_s0,Explicit,50,CH,662.0,20.907120999936524,0.0005516499738135134,4999.0,1812.743673469388,1896.9399998070944,1.0464469012193898,0.2500176629085126,0.106938775510204,0.288375,0.4986550005233438,0.0009157389565304,43.78313253012048,179.0,269.83240223463685
christofides_hard_n75_s0,Explicit,75,NN,2867.0,2.3585560002175043,0.0005335950480841246,4994.0,1874.0803603603604,1948.947770167151,1.0399488791357885,0.2289698324915933,0.1048648648648648,0.286785,0.46123962654587847,0.0010031586903981,20.33333333333333,182.0,1475.2747252747254
christofides_hard_n75_s0,Explicit,75,Greedy,8792.0,4.25179599983494,0.0005335950480841246,4994.0,1874.0803603603604,1948.947770167151,1.0399488791357885,0.2289698324915933,0.1048648648648648,0.286785,0.46123962654587847,0.0010031586903981,20.33333333333333,182.0,4730.769230769231
christofides_hard_n75_s0,Explicit,75,Insertion,353.0,67.18781399990803,0.0005335950480841246,4994.0,1874.0803603603604,1948.947770167151,1.0399488791357885,0.2289698324915933,0.1048648648648648,0.286785,0.46123962654587847,0.0010031586903981,20.33333333333333,182.0,93.95604395604396
christofides_hard_n75_s0,Explicit,75,CH,944.0,47.63498700003765,0.0005335950480841246,4994.0,1874.0803603603604,1948.947770167151,1.0399488791357885,0.2289698324915933,0.1048648648648648,0.286785,0.46123962654587847,0.0010031586903981,20.33333333333333,182.0,418.6813186813187
christofides_hard_n125_s0,Explicit,125,NN,3687.0,6.944146000023466,0.0005340574279187858,4998.0,1872.457806451613,1933.957861758734,1.032844561354184,0.212142861331492,0.1012903225806451,0.2861,0.42009436083762647,0.0007263181019695,21.688235294117646,200.0,1743.4999999999998
christofides_hard_n125_s0,Explicit,125,Greedy,7988.0,9.913629999800833,0.0005340574279187858,4998.0,1872.457806451613,1933.957861758734,1.032844561354184,0.212142861331492,0.1012903225806451,0.2861,0.42009436083762647,0.0007263181019695,21.688235294117646,200.0,3894.0
christofides_hard_n125_s0,Explicit,125,Insertion,429.0,337.0678369999496,0.0005340574279187858,4998.0,1872.457806451613,1933.957861758734,1.032844561354184,0.212142861331492,0.1012903225806451,0.2861,0.42009436083762647,0.0007263181019695,21.688235294117646,200.0,114.5
christofides_hard_n125_s0,Explicit,125,CH,5402.0,145.74741700016602,0.0005340574279187858,4998.0,1872.457806451613,1933.957861758734,1.032844561354184,0.212142861331492,0.1012903225806451,0.2861,0.42009436083762647,0.0007263181019695,21.688235294117646,200.0,2601.0
christofides_hard_n175_s0,Explicit,175,NN,8180.0,11.808060000021214,0.0005334119991948895,4999.0,1874.7234811165845,1933.0016923388675,1.03108629715758,0.2097952477650395,0.1064039408866995,0.28601,0.41077795837352005,0.000618757919066,40.29556650246305,275.0,2874.5454545454545
christofides_hard_n175_s0,Explicit,175,Greedy,5723.0,21.37368900002912,0.0005334119991948895,4999.0,1874.7234811165845,1933.0016923388675,1.03108629715758,0.2097952477650395,0.1064039408866995,0.28601,0.41077795837352005,0.000618757919066,40.29556650246305,275.0,1981.0909090909088
christofides_hard_n175_s0,Explicit,175,Insertion,536.0,1131.0568670000976,0.0005334119991948895,4999.0,1874.7234811165845,1933.0016923388675,1.03108629715758,0.2097952477650395,0.1064039408866995,0.28601,0.41077795837352005,0.000618757919066,40.29556650246305,275.0,94.9090909090909
christofides_hard_n175_s0,Explicit,175,CH,2147.0,786.0722070001884,0.0005334119991948895,4999.0,1874.7234811165845,1933.0016923388675,1.03108629715758,0.2097952477650395,0.1064039408866995,0.28601,0.41077795837352005,0.000618757919066,40.29556650246305,275.0,680.7272727272727
christofides_hard_n225_s0,Explicit,225,NN,5965.0,34.78774899986092,0.0005315583222838108,4999.0,1881.2611111111112,1937.0903037997368,1.0296764720000255,0.207160123446696,0.1040079365079365,0.28472,0.40478458419762137,0.0005622705809046,25.063025210084035,291.0,1949.828178694158
christofides_hard_n225_s0,Explicit,225,Greedy,9227.0,37.76918700009446,0.0005315583222838108,4999.0,1881.2611111111112,1937.0903037997368,1.0296764720000255,0.207160123446696,0.1040079365079365,0.28472,0.40478458419762137,0.0005622705809046,25.063025210084035,291.0,3070.7903780068727
christofides_hard_n225_s0,Explicit,225,Insertion,3127.0,1842.7801279999585,0.0005315583222838108,4999.0,1881.2611111111112,1937.0903037997368,1.0296764720000255,0.207160123446696,0.1040079365079365,0.28472,0.40478458419762137,0.0005622705809046,25.063025210084035,291.0,974.5704467353952
christofides_hard_n225_s0,Explicit,225,CH,8989.0,950.7484819998808,0.0005315583222838108,4999.0,1881.2611111111112,1937.0903037997368,1.0296764720000255,0.207160123446696,0.1040079365079365,0.28472,0.40478458419762137,0.0005622705809046,25.063025210084035,291.0,2989.003436426117
christofides_hard_n250_s0,Explicit,250,NN,3471.0,26.5959920000114,0.0005319689769023941,4999.0,1879.8088674698795,1935.9223052380369,1.029850608080003,0.2090554389715013,0.103582329317269,0.285435,0.40338571899122094,0.0005596313637013,13.197718631178708,319.0,988.0877742946708
christofides_hard_n250_s0,Explicit,250,Greedy,11519.0,47.431442000061,0.0005319689769023941,4999.0,1879.8088674698795,1935.9223052380369,1.029850608080003,0.2090554389715013,0.103582329317269,0.285435,0.40338571899122094,0.0005596313637013,13.197718631178708,319.0,3510.971786833856
christofides_hard_n250_s0,Explicit,250,Insertion,625.0,2543.0399449999186,0.0005319689769023941,4999.0,1879.8088674698795,1935.9223052380369,1.029850608080003,0.2090554389715013,0.103582329317269,0.285435,0.40338571899122094,0.0005596313637013,13.197718631178708,319.0,95.92476489028212
christofides_hard_n250_s0,Explicit,250,CH,8229.0,1030.003009999973,0.0005319689769023941,4999.0,1879.8088674698795,1935.9223052380369,1.029850608080003,0.2090554389715013,0.103582329317269,0.285435,0.40338571899122094,0.0005596313637013,13.197718631178708,319.0,2479.6238244514107
christofides_hard_n275_s0,Explicit,275,NN,3216.0,29.275665000113804,0.0005328434294705454,4999.0,1876.723901791639,1932.0378605570293,1.0294736794861432,0.2089837948619552,0.1029860650298606,0.28605,0.3985181553571826,0.0005444691042953,11.444839857651246,329.0,877.5075987841944
christofides_hard_n275_s0,Explicit,275,Greedy,7046.0,63.15467100012029,0.0005328434294705454,4999.0,1876.723901791639,1932.0378605570293,1.0294736794861432,0.2089837948619552,0.1029860650298606,0.28605,0.3985181553571826,0.0005444691042953,11.444839857651246,329.0,2041.6413373860184
christofides_hard_n275_s0,Explicit,275,Insertion,701.0,5269.311626999979,0.0005328434294705454,4999.0,1876.723901791639,1932.0378605570293,1.0294736794861432,0.2089837948619552,0.1029860650298606,0.28605,0.3985181553571826,0.0005444691042953,11.444839857651246,329.0,113.06990881458968
christofides_hard_n275_s0,Explicit,275,CH,3433.0,2010.3496939998424,0.0005328434294705454,4999.0,1876.723901791639,1932.0378605570293,1.0294736794861432,0.2089837948619552,0.1029860650298606,0.28605,0.3985181553571826,0.0005444691042953,11.444839857651246,329.0,943.4650455927052
family_A_random_n400_s0,Explicit,400,NN,241327.0,68.1722440001522,0.010999944173215663,9982.0,5000.025375939849,2035.143897991984,0.4070267138613152,0.0029406308881949,0.1,0.079035,0.2975860268620544,0.0715451368949819,1.686528153412863,178781.0,34.98470195378703
family_A_random_n400_s0,Explicit,400,Greedy,211353.0,376.3301339999998,0.010999944173215663,9982.0,5000.025375939849,2035.143897991984,0.4070267138613152,0.0029406308881949,0.1,0.079035,0.2975860268620544,0.0715451368949819,1.686528153412863,178781.0,18.21893825406503
family_A_random_n400_s0,Explicit,400,Insertion,378732.0,12721.16304300016,0.010999944173215663,9982.0,5000.025375939849,2035.143897991984,0.4070267138613152,0.0029406308881949,0.1,0.079035,0.2975860268620544,0.0715451368949819,1.686528153412863,178781.0,111.84130304674431
family_A_random_n400_s0,Explicit,400,CH,581396.0,11795.456087000048,0.010999944173215663,9982.0,5000.025375939849,2035.143897991984,0.4070267138613152,0.0029406308881949,0.1,0.079035,0.2975860268620544,0.0715451368949819,1.686528153412863,178781.0,225.20010515658825
family_A_random_n100_s0,Explicit,100,NN,105746.0,4.2070270001204335,0.011792290462546486,9835.0,5003.268888888889,2063.6231376793176,0.4124549736397639,-0.008181190945949,0.1,0.082995,0.3027950389106267,0.132685253329934,1.592896092549634,85881.0,23.130843842060525
family_A_random_n100_s0,Explicit,100,Greedy,95600.0,6.715347999943333,0.011792290462546486,9835.0,5003.268888888889,2063.6231376793176,0.4124549736397639,-0.008181190945949,0.1,0.082995,0.3027950389106267,0.132685253329934,1.592896092549634,85881.0,11.31682211432098
family_A_random_n100_s0,Explicit,100,Insertion,136162.0,161.51763199991365,0.011792290462546486,9835.0,5003.268888888889,2063.6231376793176,0.4124549736397639,-0.008181190945949,0.1,0.082995,0.3027950389106267,0.132685253329934,1.592896092549634,85881.0,58.54729218337001
family_A_random_n100_s0,Explicit,100,CH,186811.0,180.20916800014675,0.011792290462546486,9835.0,5003.268888888889,2063.6231376793176,0.4124549736397639,-0.008181190945949,0.1,0.082995,0.3027950389106267,0.132685253329934,1.592896092549634,85881.0,117.52308426776584
family_A_random_n200_s0,Explicit,200,NN,174046.0,15.567922000172985,0.0064129341469810665,9942.0,4989.915577889447,2027.2315144735976,0.4062656938438712,0.0053433062638214,0.1,0.079,0.29372313980229586,0.1009155349704308,1.7281555326078322,130654.0,33.21138273608156
family_A_random_n200_s0,Explicit,200,Greedy,150020.0,30.01834099995904,0.0064129341469810665,9942.0,4989.915577889447,2027.2315144735976,0.4062656938438712,0.0053433062638214,0.1,0.079,0.29372313980229586,0.1009155349704308,1.7281555326078322,130654.0,14.82235522831295
family_A_random_n200_s0,Explicit,200,Insertion,240208.0,1318.8713570000343,0.0064129341469810665,9942.0,4989.915577889447,2027.2315144735976,0.4062656938438712,0.0053433062638214,0.1,0.079,0.29372313980229586,0.1009155349704308,1.7281555326078322,130654.0,83.85047530117716
family_A_random_n200_s0,Explicit,200,CH,330577.0,1395.1932669999678,0.0064129341469810665,9942.0,4989.915577889447,2027.2315144735976,0.4062656938438712,0.0053433062638214,0.1,0.079,0.29372313980229586,0.1009155349704308,1.7281555326078322,130654.0,153.0171292115052
family_A_random_n300_s0,Explicit,300,NN,204333.0,35.81293599995661,0.004004700348497329,9923.0,4994.131460423634,2038.117356093832,0.4081024643113711,0.0015079263711629,0.1,0.0802,0.30091066252315163,0.0815824205994714,1.6717090730589872,157432.0,29.7912749631587
family_A_random_n300_s0,Explicit,300,Greedy,186957.0,89.225653000085,0.004004700348497329,9923.0,4994.131460423634,2038.117356093832,0.4081024643113711,0.0015079263711629,0.1,0.0802,0.30091066252315163,0.0815824205994714,1.6717090730589872,157432.0,18.754128766705623
family_A_random_n300_s0,Explicit,300,Insertion,307005.0,6924.918452999918,0.004004700348497329,9923.0,4994.131460423634,2038.117356093832,0.4081024643113711,0.0015079263711629,0.1,0.0802,0.30091066252315163,0.0815824205994714,1.6717090730589872,157432.0,95.00800345546013
family_A_random_n300_s0,Explicit,300,CH,456737.0,4865.9794940001575,0.004004700348497329,9923.0,4994.131460423634,2038.117356093832,0.4081024643113711,0.0015079263711629,0.1,0.0802,0.30091066252315163,0.0815824205994714,1.6717090730589872,157432.0,190.11700289648863
family_A_random_n500_s0,Explicit,500,NN,273026.0,112.97787500006962,0.002599305411420168,9972.0,5001.336104208417,2044.2041942260253,0.408731617238424,-0.0065522581899935,0.1000561122244488,0.07955,0.30210938949640564,0.0629699731107845,1.7338616980065664,200139.0,36.41818935839592
family_A_random_n500_s0,Explicit,500,Greedy,235983.0,360.28270099996007,0.002599305411420168,9972.0,5001.336104208417,2044.2041942260253,0.408731617238424,-0.0065522581899935,0.1000561122244488,0.07955,0.30210938949640564,0.0629699731107845,1.7338616980065664,200139.0,17.90955286076177
family_A_random_n500_s0,Explicit,500,Insertion,451597.0,26511.248643000043,0.002599305411420168,9972.0,5001.336104208417,2044.2041942260253,0.408731617238424,-0.0065522581899935,0.1000561122244488,0.07955,0.30210938949640564,0.0629699731107845,1.7338616980065664,200139.0,125.64167903307202
family_A_random_n500_s0,Explicit,500,CH,764349.0,26783.23613099997,0.002599305411420168,9972.0,5001.336104208417,2044.2041942260253,0.408731617238424,-0.0065522581899935,0.1000561122244488,0.07955,0.30210938949640564,0.0629699731107845,1.7338616980065664,200139.0,281.9090731941301
family_A_random_n150_s0,Explicit,150,NN,134651.0,10.6782939999448,0.020049432661159133,9985.0,4987.672304250559,2057.561035184704,0.412529314211606,-0.0001466565664152,0.1000447427293064,0.083175,0.30563967418691534,0.1134744423467843,1.586070015077271,111189.0,21.10100819325653
family_A_random_n150_s0,Explicit,150,Greedy,133604.0,14.196899000125995,0.020049432661159133,9985.0,4987.672304250559,2057.561035184704,0.412529314211606,-0.0001466565664152,0.1000447427293064,0.083175,0.30563967418691534,0.1134744423467843,1.586070015077271,111189.0,20.15936828283373
family_A_random_n150_s0,Explicit,150,Insertion,187736.0,544.1068709999399,0.020049432661159133,9985.0,4987.672304250559,2057.561035184704,0.412529314211606,-0.0001466565664152,0.1000447427293064,0.083175,0.30563967418691534,0.1134744423467843,1.586070015077271,111189.0,68.84404032773026
family_A_random_n150_s0,Explicit,150,CH,263771.0,1065.97256200007,0.020049432661159133,9985.0,4987.672304250559,2057.561035184704,0.412529314211606,-0.0001466565664152,0.1000447427293064,0.083175,0.30563967418691534,0.1134744423467843,1.586070015077271,111189.0,137.2276034499816
family_A_random_n50_s0,Explicit,50,NN,79093.0,2.429240000083155,0.023693898331636248,9846.0,5106.8,2081.3443681369763,0.4075633210889355,-0.0050079784257493,0.1004081632653061,0.080005,0.3014002874722421,0.2056356230907809,1.5063324890014664,65332.0,21.063184962958427
family_A_random_n50_s0,Explicit,50,Greedy,71950.0,2.5150610001674067,0.023693898331636248,9846.0,5106.8,2081.3443681369763,0.4075633210889355,-0.0050079784257493,0.1004081632653061,0.080005,0.3014002874722421,0.2056356230907809,1.5063324890014664,65332.0,10.1297985673177
family_A_random_n50_s0,Explicit,50,Insertion,89554.0,40.03472199997304,0.023693898331636248,9846.0,5106.8,2081.3443681369763,0.4075633210889355,-0.0050079784257493,0.1004081632653061,0.080005,0.3014002874722421,0.2056356230907809,1.5063324890014664,65332.0,37.07524643360068
family_A_random_n50_s0,Explicit,50,CH,89656.0,55.95271599986518,0.023693898331636248,9846.0,5106.8,2081.3443681369763,0.4075633210889355,-0.0050079784257493,0.1004081632653061,0.080005,0.3014002874722421,0.2056356230907809,1.5063324890014664,65332.0,37.23137206881773
family_A_random_n75_s0,Explicit,75,NN,92808.0,2.403617000027225,0.010438061497904503,9944.0,4981.767927927928,2073.047822688025,0.4161269357945122,0.0084449222688859,0.1001801801801801,0.083405,0.31207103786691814,0.151397390962042,1.6406738911379426,71155.0,30.43074977162533
family_A_random_n75_s0,Explicit,75,Greedy,86556.0,2.977698999984568,0.010438061497904503,9944.0,4981.767927927928,2073.047822688025,0.4161269357945122,0.0084449222688859,0.1001801801801801,0.083405,0.31207103786691814,0.151397390962042,1.6406738911379426,71155.0,21.644297660037942
family_A_random_n75_s0,Explicit,75,Insertion,106257.0,67.21153200010122,0.010438061497904503,9944.0,4981.767927927928,2073.047822688025,0.4161269357945122,0.0084449222688859,0.1001801801801801,0.083405,0.31207103786691814,0.151397390962042,1.6406738911379426,71155.0,49.33174056636919
family_A_random_n75_s0,Explicit,75,CH,149238.0,106.20925900002476,0.010438061497904503,9944.0,4981.767927927928,2073.047822688025,0.4161269357945122,0.0084449222688859,0.1001801801801801,0.083405,0.31207103786691814,0.151397390962042,1.6406738911379426,71155.0,109.7364907596093
family_A_random_n125_s0,Explicit,125,NN,129299.0,6.477936000010232,0.02203958366101864,9916.0,4991.019870967742,2049.688752168591,0.4106753339315323,0.0050696655794372,0.1001290322580645,0.08188,0.30407241648446665,0.1212465619542133,1.7093319937072828,97006.0,33.289693421025504
family_A_random_n125_s0,Explicit,125,Greedy,113300.0,10.476524999830872,0.02203958366101864,9916.0,4991.019870967742,2049.688752168591,0.4106753339315323,0.0050696655794372,0.1001290322580645,0.08188,0.30407241648446665,0.1212465619542133,1.7093319937072828,97006.0,16.796899160876645
family_A_random_n125_s0,Explicit,125,Insertion,168989.0,331.96328700000777,0.02203958366101864,9916.0,4991.019870967742,2049.688752168591,0.4106753339315323,0.0050696655794372,0.1001290322580645,0.08188,0.30407241648446665,0.1212465619542133,1.7093319937072828,97006.0,74.20468836979155
family_A_random_n125_s0,Explicit,125,CH,215264.0,301.61243599991394,0.02203958366101864,9916.0,4991.019870967742,2049.688752168591,0.4106753339315323,0.0050696655794372,0.1001290322580645,0.08188,0.30407241648446665,0.1212465619542133,1.7093319937072828,97006.0,121.90792322124403
family_A_random_n175_s0,Explicit,175,NN,150494.0,12.848218000044652,0.01843758700413247,9960.0,4989.8069622331695,2042.628792339595,0.4093602834337752,-0.0026913684747437,0.1001642036124794,0.081635,0.3025337562366139,0.1059554301115741,1.6265753010094897,117500.0,28.08
family_A_random_n175_s0,Explicit,175,Greedy,142432.0,22.159857000133343,0.01843758700413247,9960.0,4989.8069622331695,2042.628792339595,0.4093602834337752,-0.0026913684747437,0.1001642036124794,0.081635,0.3025337562366139,0.1059554301115741,1.6265753010094897,117500.0,21.21872340425532
family_A_random_n175_s0,Explicit,175,Insertion,216068.0,889.0314130001116,0.01843758700413247,9960.0,4989.8069622331695,2042.628792339595,0.4093602834337752,-0.0026913684747437,0.1001642036124794,0.081635,0.3025337562366139,0.1059554301115741,1.6265753010094897,117500.0,83.88765957446809
family_A_random_n175_s0,Explicit,175,CH,258767.0,730.9018690000357,0.01843758700413247,9960.0,4989.8069622331695,2042.628792339595,0.4093602834337752,-0.0026913684747437,0.1001642036124794,0.081635,0.3025337562366139,0.1059554301115741,1.6265753010094897,117500.0,120.2272340425532
family_A_random_n225_s0,Explicit,225,NN,181098.0,19.98141900003247,0.01162520048221357,9972.0,4989.16126984127,2035.5129977262911,0.4079870117710288,0.0106111190660991,0.1,0.08018,0.3007928756881181,0.0959626894058218,1.6811295533028852,136716.0,32.46291582550689
family_A_random_n225_s0,Explicit,225,Greedy,161872.0,233.4395870000208,0.01162520048221357,9972.0,4989.16126984127,2035.5129977262911,0.4079870117710288,0.0106111190660991,0.1,0.08018,0.3007928756881181,0.0959626894058218,1.6811295533028852,136716.0,18.40018724948068
family_A_random_n225_s0,Explicit,225,Insertion,248638.0,1875.148248999949,0.01162520048221357,9972.0,4989.16126984127,2035.5129977262911,0.4079870117710288,0.0106111190660991,0.1,0.08018,0.3007928756881181,0.0959626894058218,1.6811295533028852,136716.0,81.8645952192867
family_A_random_n225_s0,Explicit,225,CH,353965.0,2556.7977349999182,0.01162520048221357,9972.0,4989.16126984127,2035.5129977262911,0.4079870117710288,0.0106111190660991,0.1,0.08018,0.3007928756881181,0.0959626894058218,1.6811295533028852,136716.0,158.90532198133357
family_A_random_n250_s0,Explicit,250,NN,183261.0,47.75396399986676,0.0036053671725556147,9953.0,4992.556690763052,2041.0434421860243,0.4088172791231892,0.0028951677461626,0.1000160642570281,0.079695,0.303070543417906,0.0893081496350226,1.644053503664696,143221.0,27.956794045565942
family_A_random_n250_s0,Explicit,250,Greedy,163113.0,98.32304699989436,0.0036053671725556147,9953.0,4992.556690763052,2041.0434421860243,0.4088172791231892,0.0028951677461626,0.1000160642570281,0.079695,0.303070543417906,0.0893081496350226,1.644053503664696,143221.0,13.889024654205736
family_A_random_n250_s0,Explicit,250,Insertion,274189.0,2634.026694999875,0.0036053671725556147,9953.0,4992.556690763052,2041.0434421860243,0.4088172791231892,0.0028951677461626,0.1000160642570281,0.079695,0.303070543417906,0.0893081496350226,1.644053503664696,143221.0,91.4446903736184
family_A_random_n250_s0,Explicit,250,CH,357562.0,2295.5253640000137,0.0036053671725556147,9953.0,4992.556690763052,2041.0434421860243,0.4088172791231892,0.0028951677461626,0.1000160642570281,0.079695,0.303070543417906,0.0893081496350226,1.644053503664696,143221.0,149.65752229072552
family_A_random_n275_s0,Explicit,275,NN,208940.0,44.44973499994376,0.004204875825567119,9956.0,4994.2021765096215,2045.0039150659209,0.4094755964595621,0.0056205884846392,0.1000398142003981,0.08046,0.2977535045719439,0.0887196033928489,1.7147593723327423,154259.0,35.44752656246961
family_A_random_n275_s0,Explicit,275,Greedy,184402.0,88.3982240000023,0.004204875825567119,9956.0,4994.2021765096215,2045.0039150659209,0.4094755964595621,0.0056205884846392,0.1000398142003981,0.08046,0.2977535045719439,0.0887196033928489,1.7147593723327423,154259.0,19.540513033275207
family_A_random_n275_s0,Explicit,275,Insertion,293792.0,3568.519222000077,0.004204875825567119,9956.0,4994.2021765096215,2045.0039150659209,0.4094755964595621,0.0056205884846392,0.1000398142003981,0.08046,0.2977535045719439,0.0887196033928489,1.7147593723327423,154259.0,90.453717449225
family_A_random_n275_s0,Explicit,275,CH,446918.0,5565.696878999916,0.004204875825567119,9956.0,4994.2021765096215,2045.0039150659209,0.4094755964595621,0.0056205884846392,0.1000398142003981,0.08046,0.2977535045719439,0.0887196033928489,1.7147593723327423,154259.0,189.71923842369003
family_B_clustered_n400_s0,Explicit,400,NN,8319.0,63.13753499989616,0.00048124971504951076,3999.0,2077.923308270677,1322.11220266063,0.6362661207939093,-0.4583788988654645,0.1015664160401002,0.19419,0.36769272476621784,0.0062490275499178,1.6016557566422795,6989.0,19.0299041350694
family_B_clustered_n400_s0,Explicit,400,Greedy,11482.0,352.41818400004377,0.00048124971504951076,3999.0,2077.923308270677,1322.11220266063,0.6362661207939093,-0.4583788988654645,0.1015664160401002,0.19419,0.36769272476621784,0.0062490275499178,1.6016557566422795,6989.0,64.28673629989984
family_B_clustered_n400_s0,Explicit,400,Insertion,8885.0,12559.173334000208,0.00048124971504951076,3999.0,2077.923308270677,1322.11220266063,0.6362661207939093,-0.4583788988654645,0.1015664160401002,0.19419,0.36769272476621784,0.0062490275499178,1.6016557566422795,6989.0,27.12834454142224
family_B_clustered_n400_s0,Explicit,400,CH,14022.0,5723.529351000025,0.00048124971504951076,3999.0,2077.923308270677,1322.11220266063,0.6362661207939093,-0.4583788988654645,0.1015664160401002,0.19419,0.36769272476621784,0.0062490275499178,1.6016557566422795,6989.0,100.62956073830304
family_B_clustered_n100_s0,Explicit,100,NN,8355.0,4.481501999862303,0.00047603225671506,3999.0,2100.69797979798,1321.5834907894514,0.6291163715578694,-0.4737854636752044,0.101010101010101,0.19281,0.36704885512325475,0.0235683570299626,1.687537871137144,6702.0,24.664279319606088
family_B_clustered_n100_s0,Explicit,100,Greedy,8168.0,7.212832000050184,0.00047603225671506,3999.0,2100.69797979798,1321.5834907894514,0.6291163715578694,-0.4737854636752044,0.101010101010101,0.19281,0.36704885512325475,0.0235683570299626,1.687537871137144,6702.0,21.874067442554463
family_B_clustered_n100_s0,Explicit,100,Insertion,7442.0,167.11946800000987,0.00047603225671506,3999.0,2100.69797979798,1321.5834907894514,0.6291163715578694,-0.4737854636752044,0.101010101010101,0.19281,0.36704885512325475,0.0235683570299626,1.687537871137144,6702.0,11.04148015517756
family_B_clustered_n100_s0,Explicit,100,CH,8986.0,207.20773799985184,0.00047603225671506,3999.0,2100.69797979798,1321.5834907894514,0.6291163715578694,-0.4737854636752044,0.101010101010101,0.19281,0.36704885512325475,0.0235683570299626,1.687537871137144,6702.0,34.07937928976425
family_B_clustered_n200_s0,Explicit,200,NN,9782.0,25.52731399987352,0.00048062287952325305,3999.0,2080.633366834171,1319.0734952159137,0.6339769015734742,-0.460693229196208,0.1021608040201005,0.19305,0.36733710416110565,0.0121285183647692,1.938181097681792,6845.0,42.9072315558802
family_B_clustered_n200_s0,Explicit,200,Greedy,10312.0,52.75301000006039,0.00048062287952325305,3999.0,2080.633366834171,1319.0734952159137,0.6339769015734742,-0.460693229196208,0.1021608040201005,0.19305,0.36733710416110565,0.0121285183647692,1.938181097681792,6845.0,50.65010956902849
family_B_clustered_n200_s0,Explicit,200,Insertion,8025.0,2037.675335999893,0.00048062287952325305,3999.0,2080.633366834171,1319.0734952159137,0.6339769015734742,-0.460693229196208,0.1021608040201005,0.19305,0.36733710416110565,0.0121285183647692,1.938181097681792,6845.0,17.23886048210373
family_B_clustered_n200_s0,Explicit,200,CH,12066.0,1127.342491999798,0.00048062287952325305,3999.0,2080.633366834171,1319.0734952159137,0.6339769015734742,-0.460693229196208,0.1021608040201005,0.19305,0.36733710416110565,0.0121285183647692,1.938181097681792,6845.0,76.27465303140978
family_B_clustered_n300_s0,Explicit,300,NN,10266.0,33.644303000073705,0.00048052172767114104,3999.0,2081.071348940914,1322.5460334375898,0.6355121049120454,-0.4615078197339804,0.1013154960981048,0.19471,0.3693161150647625,0.0082697789332203,1.988378849506101,6982.0,47.03523345746204
family_B_clustered_n300_s0,Explicit,300,Greedy,10933.0,89.2653569999311,0.00048052172767114104,3999.0,2081.071348940914,1322.5460334375898,0.6355121049120454,-0.4615078197339804,0.1013154960981048,0.19471,0.3693161150647625,0.0082697789332203,1.988378849506101,6982.0,56.588370094528784
family_B_clustered_n300_s0,Explicit,300,Insertion,8431.0,4532.666573000142,0.00048052172767114104,3999.0,2081.071348940914,1322.5460334375898,0.6355121049120454,-0.4615078197339804,0.1013154960981048,0.19471,0.3693161150647625,0.0082697789332203,1.988378849506101,6982.0,20.75336579776568
family_B_clustered_n300_s0,Explicit,300,CH,11018.0,3248.945378000144,0.00048052172767114104,3999.0,2081.071348940914,1322.5460334375898,0.6355121049120454,-0.4615078197339804,0.1013154960981048,0.19471,0.3693161150647625,0.0082697789332203,1.988378849506101,6982.0,57.80578630764824
family_B_clustered_n500_s0,Explicit,500,NN,9707.0,100.1208200000292,0.00048113379141307046,3999.0,2078.4239599198395,1323.5484179548596,0.6368038684493929,-0.4580319634882754,0.1000080160320641,0.19321,0.36740661012488335,0.0050230367823524,1.8595785440613024,6995.0,38.77055039313795
family_B_clustered_n500_s0,Explicit,500,Greedy,8607.0,288.47629799997776,0.00048113379141307046,3999.0,2078.4239599198395,1323.5484179548596,0.6368038684493929,-0.4580319634882754,0.1000080160320641,0.19321,0.36740661012488335,0.0050230367823524,1.8595785440613024,6995.0,23.045032165832737
family_B_clustered_n500_s0,Explicit,500,Insertion,9006.0,22809.06062999997,0.00048113379141307046,3999.0,2078.4239599198395,1323.5484179548596,0.6368038684493929,-0.4580319634882754,0.1000080160320641,0.19321,0.36740661012488335,0.0050230367823524,1.8595785440613024,6995.0,28.74910650464618
family_B_clustered_n500_s0,Explicit,500,CH,13690.0,12363.316626999904,0.00048113379141307046,3999.0,2078.4239599198395,1323.5484179548596,0.6368038684493929,-0.4580319634882754,0.1000080160320641,0.19321,0.36740661012488335,0.0050230367823524,1.8595785440613024,6995.0,95.71122230164404
family_B_clustered_n150_s0,Explicit,150,NN,8677.0,8.826186000078451,0.0004783577061757029,3999.0,2090.48581655481,1322.795750837663,0.6327695411096711,-0.465535553554989,0.101744966442953,0.19235,0.3687583084335242,0.0160090379000135,1.7284860557768924,6754.0,28.472016582765768
family_B_clustered_n150_s0,Explicit,150,Greedy,9508.0,14.947620999919309,0.0004783577061757029,3999.0,2090.48581655481,1322.795750837663,0.6327695411096711,-0.465535553554989,0.101744966442953,0.19235,0.3687583084335242,0.0160090379000135,1.7284860557768924,6754.0,40.77583654130885
family_B_clustered_n150_s0,Explicit,150,Insertion,7697.0,839.7626519999903,0.0004783577061757029,3999.0,2090.48581655481,1322.795750837663,0.6327695411096711,-0.465535553554989,0.101744966442953,0.19235,0.3687583084335242,0.0160090379000135,1.7284860557768924,6754.0,13.962096535386436
family_B_clustered_n150_s0,Explicit,150,CH,11995.0,1054.1106069999842,0.0004783577061757029,3999.0,2090.48581655481,1322.795750837663,0.6327695411096711,-0.465535553554989,0.101744966442953,0.19235,0.3687583084335242,0.0160090379000135,1.7284860557768924,6754.0,77.59846017175008
family_B_clustered_n50_s0,Explicit,50,NN,8974.0,1.851333000104205,0.0004661069831577473,3998.0,2145.430204081633,1320.7810658485532,0.6156252780145431,-0.5277545424555222,0.1012244897959183,0.18815,0.35516815777731936,0.0466945975727431,1.7915751647035336,6796.0,32.04826368452031
family_B_clustered_n50_s0,Explicit,50,Greedy,9733.0,2.438537999978508,0.0004661069831577473,3998.0,2145.430204081633,1320.7810658485532,0.6156252780145431,-0.5277545424555222,0.1012244897959183,0.18815,0.35516815777731936,0.0466945975727431,1.7915751647035336,6796.0,43.216597998822834
family_B_clustered_n50_s0,Explicit,50,Insertion,7611.0,36.350668000068254,0.0004661069831577473,3998.0,2145.430204081633,1320.7810658485532,0.6156252780145431,-0.5277545424555222,0.1012244897959183,0.18815,0.35516815777731936,0.0466945975727431,1.7915751647035336,6796.0,11.992348440258976
family_B_clustered_n50_s0,Explicit,50,CH,12160.0,56.88174099987009,0.0004661069831577473,3998.0,2145.430204081633,1320.7810658485532,0.6156252780145431,-0.5277545424555222,0.1012244897959183,0.18815,0.35516815777731936,0.0466945975727431,1.7915751647035336,6796.0,78.92878163625662
family_B_clustered_n75_s0,Explicit,75,NN,7381.0,2.744638999956805,0.00047181360047334386,3998.0,2119.481081081081,1319.1949167506723,0.6224141033982677,-0.506809705422395,0.1016216216216216,0.19298,0.3621341381180812,0.0309887172790892,1.498375964271214,6632.0,11.29372738238842
family_B_clustered_n75_s0,Explicit,75,Greedy,9304.0,3.009318000067651,0.00047181360047334386,3998.0,2119.481081081081,1319.1949167506723,0.6224141033982677,-0.506809705422395,0.1016216216216216,0.19298,0.3621341381180812,0.0309887172790892,1.498375964271214,6632.0,40.28950542822678
family_B_clustered_n75_s0,Explicit,75,Insertion,7242.0,70.06311800000731,0.00047181360047334386,3998.0,2119.481081081081,1319.1949167506723,0.6224141033982677,-0.506809705422395,0.1016216216216216,0.19298,0.3621341381180812,0.0309887172790892,1.498375964271214,6632.0,9.1978287092883
family_B_clustered_n75_s0,Explicit,75,CH,8240.0,52.5993329999892,0.00047181360047334386,3998.0,2119.481081081081,1319.1949167506723,0.6224141033982677,-0.506809705422395,0.1016216216216216,0.19298,0.3621341381180812,0.0309887172790892,1.498375964271214,6632.0,24.24607961399276
family_B_clustered_n125_s0,Explicit,125,NN,9104.0,6.39712099996359,0.0004789673686021007,3999.0,2087.8249032258063,1320.161669933071,0.632314361177198,-0.459613730040755,0.1003870967741935,0.19167,0.3715160485347938,0.0191318725714423,1.82335269377128,6796.0,33.96115361977634
family_B_clustered_n125_s0,Explicit,125,Greedy,9820.0,12.148017000072286,0.0004789673686021007,3999.0,2087.8249032258063,1320.161669933071,0.632314361177198,-0.459613730040755,0.1003870967741935,0.19167,0.3715160485347938,0.0191318725714423,1.82335269377128,6796.0,44.496762801648025
family_B_clustered_n125_s0,Explicit,125,Insertion,7508.0,328.5940479997862,0.0004789673686021007,3999.0,2087.8249032258063,1320.161669933071,0.632314361177198,-0.459613730040755,0.1003870967741935,0.19167,0.3715160485347938,0.0191318725714423,1.82335269377128,6796.0,10.476751030017658
family_B_clustered_n125_s0,Explicit,125,CH,9403.0,262.9290159998164,0.0004789673686021007,3999.0,2087.8249032258063,1320.161669933071,0.632314361177198,-0.459613730040755,0.1003870967741935,0.19167,0.3715160485347938,0.0191318725714423,1.82335269377128,6796.0,38.360800470865215
family_B_clustered_n175_s0,Explicit,175,NN,8208.0,13.189038999826153,0.0004803370821079217,3999.0,2081.871330049261,1317.7743657434478,0.6329758937178249,-0.4643182298993629,0.1008866995073891,0.192105,0.36891360634559484,0.0137925362148131,1.6334328358208956,6822.0,20.31662269129288
family_B_clustered_n175_s0,Explicit,175,Greedy,8849.0,21.915333000151804,0.0004803370821079217,3999.0,2081.871330049261,1317.7743657434478,0.6329758937178249,-0.4643182298993629,0.1008866995073891,0.192105,0.36891360634559484,0.0137925362148131,1.6334328358208956,6822.0,29.71269422456757
family_B_clustered_n175_s0,Explicit,175,Insertion,7944.0,891.6252540000187,0.0004803370821079217,3999.0,2081.871330049261,1317.7743657434478,0.6329758937178249,-0.4643182298993629,0.1008866995073891,0.192105,0.36891360634559484,0.0137925362148131,1.6334328358208956,6822.0,16.44678979771328
family_B_clustered_n175_s0,Explicit,175,CH,16001.0,621.8312369999239,0.0004803370821079217,3999.0,2081.871330049261,1317.7743657434478,0.6329758937178249,-0.4643182298993629,0.1008866995073891,0.192105,0.36891360634559484,0.0137925362148131,1.6334328358208956,6822.0,134.54998534154208
family_B_clustered_n225_s0,Explicit,225,NN,8241.0,20.03600400007599,0.0004801012876545156,3999.0,2082.893809523809,1322.4138516039743,0.6348925929672355,-0.4595680976784355,0.100515873015873,0.19362,0.36689029459982564,0.0108182823484817,1.6254437869822485,6818.0,20.87122323261954
family_B_clustered_n225_s0,Explicit,225,Greedy,10591.0,45.25200900002346,0.0004801012876545156,3999.0,2082.893809523809,1322.4138516039743,0.6348925929672355,-0.4595680976784355,0.100515873015873,0.19362,0.36689029459982564,0.0108182823484817,1.6254437869822485,6818.0,55.3388090349076
family_B_clustered_n225_s0,Explicit,225,Insertion,8184.0,1896.835884999973,0.0004801012876545156,3999.0,2082.893809523809,1322.4138516039743,0.6348925929672355,-0.4595680976784355,0.100515873015873,0.19362,0.36689029459982564,0.0108182823484817,1.6254437869822485,6818.0,20.0352009386917
family_B_clustered_n225_s0,Explicit,225,CH,10242.0,1869.453651999948,0.0004801012876545156,3999.0,2082.893809523809,1322.4138516039743,0.6348925929672355,-0.4595680976784355,0.100515873015873,0.19362,0.36689029459982564,0.0108182823484817,1.6254437869822485,6818.0,50.22000586682312
family_B_clustered_n250_s0,Explicit,250,NN,10219.0,44.97593699989011,0.0004804678214452833,3999.0,2081.3048353413656,1322.4729886747064,0.635405715788769,-0.4576662227076885,0.1013333333333333,0.194085,0.36826615166982807,0.00981691852777,2.000587314017228,6921.0,47.65207339979772
family_B_clustered_n250_s0,Explicit,250,Greedy,10851.0,94.3354029998318,0.0004804678214452833,3999.0,2081.3048353413656,1322.4729886747064,0.635405715788769,-0.4576662227076885,0.1013333333333333,0.194085,0.36826615166982807,0.00981691852777,2.000587314017228,6921.0,56.78370177719982
family_B_clustered_n250_s0,Explicit,250,Insertion,8260.0,2558.6112799999228,0.0004804678214452833,3999.0,2081.3048353413656,1322.4729886747064,0.635405715788769,-0.4576662227076885,0.1013333333333333,0.194085,0.36826615166982807,0.00981691852777,2.000587314017228,6921.0,19.34691518566681
family_B_clustered_n250_s0,Explicit,250,CH,15077.0,1587.592812999901,0.0004804678214452833,3999.0,2081.3048353413656,1322.4729886747064,0.635405715788769,-0.4576662227076885,0.1013333333333333,0.194085,0.36826615166982807,0.00981691852777,2.000587314017228,6921.0,117.84424216153737
family_B_clustered_n275_s0,Explicit,275,NN,8002.0,27.918460999899253,0.00048054351684742835,3999.0,2080.97698739217,1322.9108702874005,0.6357162420835994,-0.4586772483796217,0.1025082946250829,0.192555,0.36623793532823945,0.0089783003256803,1.55741533670689,6942.0,15.269374819936615
family_B_clustered_n275_s0,Explicit,275,Greedy,8854.0,69.28261200005181,0.00048054351684742835,3999.0,2080.97698739217,1322.9108702874005,0.6357162420835994,-0.4586772483796217,0.1025082946250829,0.192555,0.36623793532823945,0.0089783003256803,1.55741533670689,6942.0,27.54249495822529
family_B_clustered_n275_s0,Explicit,275,Insertion,8375.0,3458.572972000184,0.00048054351684742835,3999.0,2080.97698739217,1322.9108702874005,0.6357162420835994,-0.4586772483796217,0.1025082946250829,0.192555,0.36623793532823945,0.0089783003256803,1.55741533670689,6942.0,20.642466148084125
family_B_clustered_n275_s0,Explicit,275,CH,14849.0,3679.943175000062,0.00048054351684742835,3999.0,2080.97698739217,1322.9108702874005,0.6357162420835994,-0.4586772483796217,0.1025082946250829,0.192555,0.36623793532823945,0.0089783003256803,1.55741533670689,6942.0,113.90089311437626
five_d.txt,Explicit,5,NN,21.0,0.0602489999437239,0.4166666666666667,8.0,4.8,1.833030277982336,0.3818813079129866,0.2356697111146884,0.1,0.10035,0.20833333333333334,0.5,1.75,19.0,10.526315789473683
five_d.txt,Explicit,5,Greedy,21.0,0.0591739999435958,0.4166666666666667,8.0,4.8,1.833030277982336,0.3818813079129866,0.2356697111146884,0.1,0.10035,0.20833333333333334,0.5,1.75,19.0,10.526315789473683
five_d.txt,Explicit,5,Insertion,21.0,0.1027230000545387,0.4166666666666667,8.0,4.8,1.833030277982336,0.3818813079129866,0.2356697111146884,0.1,0.10035,0.20833333333333334,0.5,1.75,19.0,10.526315789473683
five_d.txt,Explicit,5,CH,23.0,0.739651000003505,0.4166666666666667,8.0,4.8,1.833030277982336,0.3818813079129866,0.2356697111146884,0.1,0.10035,0.20833333333333334,0.5,1.75,19.0,21.052631578947366
christofides_hard_n325_s0,Explicit,325,NN,3074.0,40.89201500028139,0.0005318901266735988,4999.0,1880.0875403608736,1934.5307142848428,1.0289577866749329,0.2077013922568235,0.1026400759734093,0.284655,0.3992169729753583,0.0005515291467353,9.12166172106825,358.0,758.659217877095
christofides_hard_n325_s0,Explicit,325,Greedy,9338.0,84.91001200127357,0.0005318901266735988,4999.0,1880.0875403608736,1934.5307142848428,1.0289577866749329,0.2077013922568235,0.1026400759734093,0.284655,0.3992169729753583,0.0005515291467353,9.12166172106825,358.0,2508.3798882681563
christofides_hard_n325_s0,Explicit,325,Insertion,3243.0,7346.649516999605,0.0005318901266735988,4999.0,1880.0875403608736,1934.5307142848428,1.0289577866749329,0.2077013922568235,0.1026400759734093,0.284655,0.3992169729753583,0.0005515291467353,9.12166172106825,358.0,805.8659217877095
christofides_hard_n325_s0,Explicit,325,CH,4060.0,2650.726251999004,0.0005318901266735988,4999.0,1880.0875403608736,1934.5307142848428,1.0289577866749329,0.2077013922568235,0.1026400759734093,0.284655,0.3992169729753583,0.0005515291467353,9.12166172106825,358.0,1034.0782122905027
christofides_hard_n350_s0,Explicit,350,NN,3158.0,40.095291999023175,0.0005326177694630591,4999.0,1877.5190339746207,1931.8806238141133,1.028953948724776,0.2086112293916464,0.1039541547277937,0.284635,0.3986026919304697,0.0005463136549635,8.7966573816156,387.0,716.0206718346253
christofides_hard_n350_s0,Explicit,350,Greedy,9467.0,324.4929209995462,0.0005326177694630591,4999.0,1877.5190339746207,1931.8806238141133,1.028953948724776,0.2086112293916464,0.1039541547277937,0.284635,0.3986026919304697,0.0005463136549635,8.7966573816156,387.0,2346.25322997416
christofides_hard_n350_s0,Explicit,350,Insertion,824.0,9786.315846000434,0.0005326177694630591,4999.0,1877.5190339746207,1931.8806238141133,1.028953948724776,0.2086112293916464,0.1039541547277937,0.284635,0.3986026919304697,0.0005463136549635,8.7966573816156,387.0,112.91989664082686
christofides_hard_n350_s0,Explicit,350,CH,12125.0,3407.030959999247,0.0005326177694630591,4999.0,1877.5190339746207,1931.8806238141133,1.028953948724776,0.2086112293916464,0.1039541547277937,0.284635,0.3986026919304697,0.0005463136549635,8.7966573816156,387.0,3033.074935400517
christofides_hard_n375_s0,Explicit,375,NN,3260.0,46.07519699857221,0.0005313564202248598,4999.0,1881.9759429590017,1935.61254509789,1.0285001529055446,0.2066985408126257,0.103187165775401,0.284665,0.395230993352181,0.0005384411724945,8.578947368421053,401.0,712.9675810473816
christofides_hard_n375_s0,Explicit,375,Greedy,12361.0,110.2210600001854,0.0005313564202248598,4999.0,1881.9759429590017,1935.61254509789,1.0285001529055446,0.2066985408126257,0.103187165775401,0.284665,0.395230993352181,0.0005384411724945,8.578947368421053,401.0,2982.543640897756
christofides_hard_n375_s0,Explicit,375,Insertion,843.0,10245.251371999984,0.0005313564202248598,4999.0,1881.9759429590017,1935.61254509789,1.0285001529055446,0.2066985408126257,0.103187165775401,0.284665,0.395230993352181,0.0005384411724945,8.578947368421053,401.0,110.22443890274316
christofides_hard_n375_s0,Explicit,375,CH,9637.0,2520.3026919989497,0.0005313564202248598,4999.0,1881.9759429590017,1935.61254509789,1.0285001529055446,0.2066985408126257,0.103187165775401,0.284665,0.395230993352181,0.0005384411724945,8.578947368421053,401.0,2303.241895261845
christofides_hard_n425_s0,Explicit,425,NN,3702.0,58.92104400118114,0.00053210856469898,4999.0,1879.3157380688124,1931.2507380812672,1.0276350583142688,0.203606585855547,0.103873473917869,0.284155,0.392563681134825,0.0005358646251556,8.649532710280374,450.0,722.6666666666666
christofides_hard_n425_s0,Explicit,425,Greedy,12741.0,155.1588479997008,0.00053210856469898,4999.0,1879.3157380688124,1931.2507380812672,1.0276350583142688,0.203606585855547,0.103873473917869,0.284155,0.392563681134825,0.0005358646251556,8.649532710280374,450.0,2731.333333333333
christofides_hard_n425_s0,Explicit,425,Insertion,912.0,14195.609958000205,0.00053210856469898,4999.0,1879.3157380688124,1931.2507380812672,1.0276350583142688,0.203606585855547,0.103873473917869,0.284155,0.392563681134825,0.0005358646251556,8.649532710280374,450.0,102.66666666666666
christofides_hard_n425_s0,Explicit,425,CH,7955.0,10753.139177000776,0.00053210856469898,4999.0,1879.3157380688124,1931.2507380812672,1.0276350583142688,0.203606585855547,0.103873473917869,0.284155,0.392563681134825,0.0005358646251556,8.649532710280374,450.0,1667.7777777777778
christofides_hard_n450_s0,Explicit,450,NN,4168.0,65.13907800035668,0.0005316935149216989,4999.0,1880.7827666419205,1932.9567011289887,1.027740542614724,0.204610502842194,0.101212571145756,0.284665,0.39455327140365215,0.000537601220643,9.16043956043956,470.0,786.8085106382979
christofides_hard_n450_s0,Explicit,450,Greedy,11562.0,168.6492119988543,0.0005316935149216989,4999.0,1880.7827666419205,1932.9567011289887,1.027740542614724,0.204610502842194,0.101212571145756,0.284665,0.39455327140365215,0.000537601220643,9.16043956043956,470.0,2360.0
christofides_hard_n450_s0,Explicit,450,Insertion,961.0,20852.69960900041,0.0005316935149216989,4999.0,1880.7827666419205,1932.9567011289887,1.027740542614724,0.204610502842194,0.101212571145756,0.284665,0.39455327140365215,0.000537601220643,9.16043956043956,470.0,104.46808510638296
christofides_hard_n450_s0,Explicit,450,CH,9564.0,2969.006884999544,0.0005316935149216989,4999.0,1880.7827666419205,1932.9567011289887,1.027740542614724,0.204610502842194,0.101212571145756,0.284665,0.39455327140365215,0.000537601220643,9.16043956043956,470.0,1934.893617021277
christofides_hard_n475_s0,Explicit,475,NN,3385.0,71.36662499942759,0.0005315013797624738,4999.0,1881.4626604485893,1933.9998236101585,1.02792357470918,0.2058181955356026,0.1010615145458583,0.285055,0.3960034604039672,0.000534858230582,7.081589958158996,487.0,595.0718685831622
christofides_hard_n475_s0,Explicit,475,Greedy,7701.0,434.7550410002441,0.0005315013797624738,4999.0,1881.4626604485893,1933.9998236101585,1.02792357470918,0.2058181955356026,0.1010615145458583,0.285055,0.3960034604039672,0.000534858230582,7.081589958158996,487.0,1481.3141683778233
christofides_hard_n475_s0,Explicit,475,Insertion,999.0,19802.174562999426,0.0005315013797624738,4999.0,1881.4626604485893,1933.9998236101585,1.02792357470918,0.2058181955356026,0.1010615145458583,0.285055,0.3960034604039672,0.000534858230582,7.081589958158996,487.0,105.1334702258727
christofides_hard_n475_s0,Explicit,475,CH,6240.0,3563.5484470003576,0.0005315013797624738,4999.0,1881.4626604485893,1933.9998236101585,1.02792357470918,0.2058181955356026,0.1010615145458583,0.285055,0.3960034604039672,0.000534858230582,7.081589958158996,487.0,1181.3141683778233
christofides_hard_n525_s0,Explicit,525,NN,3447.0,88.01125199897797,0.0005310528901691625,4999.0,1883.0516103235184,1935.2628071659524,1.0277269069823656,0.2049564103472146,0.1034823700472555,0.2844,0.393205200322045,0.0005350990074275,6.5160680529300565,543.0,534.8066298342541
christofides_hard_n525_s0,Explicit,525,Greedy,13462.0,503.73884399959934,0.0005310528901691625,4999.0,1883.0516103235184,1935.2628071659524,1.0277269069823656,0.2049564103472146,0.1034823700472555,0.2844,0.393205200322045,0.0005350990074275,6.5160680529300565,543.0,2379.189686924494
christofides_hard_n525_s0,Explicit,525,Insertion,1037.0,26349.78163599953,0.0005310528901691625,4999.0,1883.0516103235184,1935.2628071659524,1.0277269069823656,0.2049564103472146,0.1034823700472555,0.2844,0.393205200322045,0.0005350990074275,6.5160680529300565,543.0,90.97605893186004
christofides_hard_n525_s0,Explicit,525,CH,10421.0,26400.854866999,0.0005310528901691625,4999.0,1883.0516103235184,1935.2628071659524,1.0277269069823656,0.2049564103472146,0.1034823700472555,0.2844,0.393205200322045,0.0005350990074275,6.5160680529300565,543.0,1819.1528545119704
christofides_hard_n550_s0,Explicit,550,NN,8628.0,98.30460600096558,0.0005314214855070563,4999.0,1881.7455207815865,1933.6582382094105,1.0275875334122022,0.2050163763652556,0.1014538830932273,0.283705,0.3898478834032159,0.0005343201481552,15.602169981916818,561.0,1437.9679144385027
christofides_hard_n550_s0,Explicit,550,Greedy,11849.0,283.37672899942845,0.0005314214855070563,4999.0,1881.7455207815865,1933.6582382094105,1.0275875334122022,0.2050163763652556,0.1014538830932273,0.283705,0.3898478834032159,0.0005343201481552,15.602169981916818,561.0,2012.121212121212
christofides_hard_n550_s0,Explicit,550,Insertion,1074.0,29975.13234500002,0.0005314214855070563,4999.0,1881.7455207815865,1933.6582382094105,1.0275875334122022,0.2050163763652556,0.1014538830932273,0.283705,0.3898478834032159,0.0005343201481552,15.602169981916818,561.0,91.44385026737967
christofides_hard_n550_s0,Explicit,550,CH,10370.0,34491.11742900095,0.0005314214855070563,4999.0,1881.7455207815865,1933.6582382094105,1.0275875334122022,0.2050163763652556,0.1014538830932273,0.283705,0.3898478834032159,0.0005343201481552,15.602169981916818,561.0,1748.4848484848485
christofides_hard_n575_s0,Explicit,575,NN,3589.0,105.36690400113002,0.0005321154803673991,4999.0,1879.291313437358,1931.064447901882,1.027549286315716,0.2053153224104912,0.1028510831692167,0.2864,0.3912577126350349,0.0005348917350475,6.209342560553633,585.0,513.5042735042736
christofides_hard_n575_s0,Explicit,575,Greedy,14361.0,301.3045620009507,0.0005321154803673991,4999.0,1879.291313437358,1931.064447901882,1.027549286315716,0.2053153224104912,0.1028510831692167,0.2864,0.3912577126350349,0.0005348917350475,6.209342560553633,585.0,2354.871794871795
christofides_hard_n575_s0,Explicit,575,Insertion,1098.0,35179.66566599898,0.0005321154803673991,4999.0,1879.291313437358,1931.064447901882,1.027549286315716,0.2053153224104912,0.1028510831692167,0.2864,0.3912577126350349,0.0005348917350475,6.209342560553633,585.0,87.6923076923077
christofides_hard_n575_s0,Explicit,575,CH,10504.0,4504.685878999226,0.0005321154803673991,4999.0,1879.291313437358,1931.064447901882,1.027549286315716,0.2053153224104912,0.1028510831692167,0.2864,0.3912577126350349,0.0005348917350475,6.209342560553633,585.0,1695.5555555555557
christofides_hard_n600_s0,Explicit,600,NN,3452.0,117.59768599949894,0.0005319550820207391,4999.0,1879.8579688369505,1931.506901530997,1.0274749122275453,0.2052680107639169,0.1033055091819699,0.28302,0.3905094624665796,0.0005346148574308,5.724709784411277,613.0,463.1321370309951
christofides_hard_n600_s0,Explicit,600,Greedy,11708.0,602.1433580008306,0.0005319550820207391,4999.0,1879.8579688369505,1931.506901530997,1.0274749122275453,0.2052680107639169,0.1033055091819699,0.28302,0.3905094624665796,0.0005346148574308,5.724709784411277,613.0,1809.9510603588908
christofides_hard_n600_s0,Explicit,600,Insertion,1097.0,40382.613309999215,0.0005319550820207391,4999.0,1879.8579688369505,1931.506901530997,1.0274749122275453,0.2052680107639169,0.1033055091819699,0.28302,0.3905094624665796,0.0005346148574308,5.724709784411277,613.0,78.95595432300163
christofides_hard_n600_s0,Explicit,600,CH,8390.0,3467.952019000222,0.0005319550820207391,4999.0,1879.8579688369505,1931.506901530997,1.0274749122275453,0.2052680107639169,0.1033055091819699,0.28302,0.3905094624665796,0.0005346148574308,5.724709784411277,613.0,1268.6786296900489
christofides_hard_n625_s0,Explicit,625,NN,3456.0,246.653788999538,0.0005311061577275908,4999.0,1882.8627487179488,1934.3838025432208,1.027363148939217,0.2044114300440409,0.1025589743589743,0.286855,0.38912213658324035,0.0005336554672846,5.503184713375796,636.0,443.3962264150943
christofides_hard_n625_s0,Explicit,625,Greedy,12113.0,390.20915100081766,0.0005311061577275908,4999.0,1882.8627487179488,1934.3838025432208,1.027363148939217,0.2044114300440409,0.1025589743589743,0.286855,0.38912213658324035,0.0005336554672846,5.503184713375796,636.0,1804.559748427673
christofides_hard_n625_s0,Explicit,625,Insertion,1159.0,44672.61805799899,0.0005311061577275908,4999.0,1882.8627487179488,1934.3838025432208,1.027363148939217,0.2044114300440409,0.1025589743589743,0.286855,0.38912213658324035,0.0005336554672846,5.503184713375796,636.0,82.23270440251572
christofides_hard_n625_s0,Explicit,625,CH,8362.0,47790.72795700085,0.0005311061577275908,4999.0,1882.8627487179488,1934.3838025432208,1.027363148939217,0.2044114300440409,0.1025589743589743,0.286855,0.38912213658324035,0.0005336554672846,5.503184713375796,636.0,1214.7798742138366
christofides_hard_n650_s0,Explicit,650,NN,3857.0,137.4956990002829,0.0005308849121700025,4999.0,1883.6474291809884,1935.324577693648,1.0274346184493397,0.2048240626394533,0.1034111651060803,0.28417,0.38721675391706895,0.0005333351502261,5.906584992343032,661.0,483.5098335854765
christofides_hard_n650_s0,Explicit,650,Greedy,14284.0,393.4923680008069,0.0005308849121700025,4999.0,1883.6474291809884,1935.324577693648,1.0274346184493397,0.2048240626394533,0.1034111651060803,0.28417,0.38721675391706895,0.0005333351502261,5.906584992343032,661.0,2060.9682299546143
christofides_hard_n650_s0,Explicit,650,Insertion,1197.0,51969.952388999445,0.0005308849121700025,4999.0,1883.6474291809884,1935.324577693648,1.0274346184493397,0.2048240626394533,0.1034111651060803,0.28417,0.38721675391706895,0.0005333351502261,5.906584992343032,661.0,81.08925869894101
christofides_hard_n650_s0,Explicit,650,CH,9126.0,60099.73051999987,0.0005308849121700025,4999.0,1883.6474291809884,1935.324577693648,1.0274346184493397,0.2048240626394533,0.1034111651060803,0.28417,0.38721675391706895,0.0005333351502261,5.906584992343032,661.0,1280.6354009077156
christofides_hard_n675_s0,Explicit,675,NN,3752.0,146.16962499894726,0.0005310654791864344,4999.0,1883.0069721947464,1934.55224588658,1.027373915472949,0.2048037338286462,0.1036333663039894,0.284995,0.3867312754454847,0.000533425770205,5.533923303834809,686.0,446.9387755102041
christofides_hard_n675_s0,Explicit,675,Greedy,14397.0,446.9864660004532,0.0005310654791864344,4999.0,1883.0069721947464,1934.55224588658,1.027373915472949,0.2048037338286462,0.1036333663039894,0.284995,0.3867312754454847,0.000533425770205,5.533923303834809,686.0,1998.6880466472303
christofides_hard_n675_s0,Explicit,675,Insertion,1227.0,61082.20318799977,0.0005310654791864344,4999.0,1883.0069721947464,1934.55224588658,1.027373915472949,0.2048037338286462,0.1036333663039894,0.284995,0.3867312754454847,0.000533425770205,5.533923303834809,686.0,78.86297376093295
christofides_hard_n675_s0,Explicit,675,CH,12047.0,64503.00554200112,0.0005310654791864344,4999.0,1883.0069721947464,1934.55224588658,1.027373915472949,0.2048037338286462,0.1036333663039894,0.284995,0.3867312754454847,0.000533425770205,5.533923303834809,686.0,1656.1224489795918
christofides_hard_n700_s0,Explicit,700,NN,3510.0,160.1744770014193,0.0005309997029722446,4999.0,1883.2402248109545,1934.4240231541808,1.0271785817172447,0.2039861862064468,0.1030901287553648,0.284935,0.38789962982595977,0.0005332754159849,4.992887624466571,708.0,395.7627118644068
christofides_hard_n700_s0,Explicit,700,Greedy,13924.0,470.65743900020607,0.0005309997029722446,4999.0,1883.2402248109545,1934.4240231541808,1.0271785817172447,0.2039861862064468,0.1030901287553648,0.284935,0.38789962982595977,0.0005332754159849,4.992887624466571,708.0,1866.6666666666667
christofides_hard_n700_s0,Explicit,700,Insertion,3696.0,75200.50481599901,0.0005309997029722446,4999.0,1883.2402248109545,1934.4240231541808,1.0271785817172447,0.2039861862064468,0.1030901287553648,0.284935,0.38789962982595977,0.0005332754159849,4.992887624466571,708.0,422.0338983050848
christofides_hard_n700_s0,Explicit,700,CH,9543.0,104094.08890300074,0.0005309997029722446,4999.0,1883.2402248109545,1934.4240231541808,1.0271785817172447,0.2039861862064468,0.1030901287553648,0.284935,0.38789962982595977,0.0005332754159849,4.992887624466571,708.0,1247.8813559322034
christofides_hard_n725_s0,Explicit,725,NN,3679.0,323.6177039998438,0.0005311091546381421,4999.0,1882.852124214136,1933.9703826017803,1.027149374998836,0.2040355976720418,0.1036044960944942,0.285185,0.3874958406126481,0.0005333068476918,5.053571428571429,742.0,395.822102425876
christofides_hard_n725_s0,Explicit,725,Greedy,14651.0,709.7707899993111,0.0005311091546381421,4999.0,1882.852124214136,1933.9703826017803,1.027149374998836,0.2040355976720418,0.1036044960944942,0.285185,0.3874958406126481,0.0005333068476918,5.053571428571429,742.0,1874.528301886792
christofides_hard_n725_s0,Explicit,725,Insertion,1259.0,98735.83283900008,0.0005311091546381421,4999.0,1882.852124214136,1933.9703826017803,1.027149374998836,0.2040355976720418,0.1036044960944942,0.285185,0.3874958406126481,0.0005333068476918,5.053571428571429,742.0,69.6765498652291
christofides_hard_n725_s0,Explicit,725,CH,10035.0,88360.63026999909,0.0005311091546381421,4999.0,1882.852124214136,1933.9703826017803,1.027149374998836,0.2040355976720418,0.1036044960944942,0.285185,0.3874958406126481,0.0005333068476918,5.053571428571429,742.0,1252.4258760107816
christofides_hard_n750_s0,Explicit,750,NN,3998.0,191.61412900029973,0.0005310241855099996,4999.0,1883.153399198932,1934.1531491372064,1.027082100672186,0.2038535517522772,0.1026221628838451,0.284405,0.38684095723011047,0.0005338563144993,5.30238726790451,759.0,426.74571805006593
christofides_hard_n750_s0,Explicit,750,Greedy,14946.0,573.1331869992573,0.0005310241855099996,4999.0,1883.153399198932,1934.1531491372064,1.027082100672186,0.2038535517522772,0.1026221628838451,0.284405,0.38684095723011047,0.0005338563144993,5.30238726790451,759.0,1869.1699604743085
christofides_hard_n750_s0,Explicit,750,Insertion,1294.0,80565.09547400128,0.0005310241855099996,4999.0,1883.153399198932,1934.1531491372064,1.027082100672186,0.2038535517522772,0.1026221628838451,0.284405,0.38684095723011047,0.0005338563144993,5.30238726790451,759.0,70.4874835309618
christofides_hard_n750_s0,Explicit,750,CH,13202.0,103624.5118349998,0.0005310241855099996,4999.0,1883.153399198932,1934.1531491372064,1.027082100672186,0.2038535517522772,0.1026221628838451,0.284405,0.38684095723011047,0.0005338563144993,5.30238726790451,759.0,1639.3939393939395
nu3496,EUC_2D,3496,Insertion,1.0,1000000.0,0.0,4929.0,1506.1420795644644,978.0956189065844,0.6494046160568219,0.8243450454130353,0.1004260745163898,0.0,0.0,0.0161362530350025,1.4372388630612605,96647.0,
nu3496,EUC_2D,3496,CH,1.0,1000000.0,0.0,4929.0,1506.1420795644644,978.0956189065844,0.6494046160568219,0.8243450454130353,0.1004260745163898,0.0,0.0,0.0161362530350025,1.4372388630612605,96647.0,
